x,y,z
1.5000,1.5000,0.0000
1.5000,1.5000,0.0010
1.5000,1.5000,0.0020
1.5000,1.5000,0.0030
1.5000,1.5000,0.0040
1.5000,1.5000,0.0050
1.5000,1.5000,0.0060
1.5000,1.5000,0.0070
1.5000,1.5000,0.0080
1.5000,1.5000,0.0090
1.5000,1.5000,0.0100
1.5000,1.5000,0.0110
1.5000,1.5000,0.0120
1.5000,1.5000,0.0130
1.5000,1.5000,0.0140
1.5000,1.5000,0.0150
1.5000,1.5000,0.0160
1.5000,1.5000,0.0170
1.5000,1.5000,0.0180
1.5000,1.5000,0.0190
1.5000,1.5000,0.0200
1.5000,1.5000,0.0210
1.5000,1.5000,0.0220
1.5000,1.5000,0.0230
1.5000,1.5000,0.0240
1.5000,1.5000,0.0250
1.5000,1.5000,0.0260
1.5000,1.5000,0.0270
1.5000,1.5000,0.0280
1.5000,1.5000,0.0290
1.5000,1.5000,0.0300
1.5000,1.5000,0.0310
1.5000,1.5000,0.0320
1.5000,1.5000,0.0330
1.5000,1.5000,0.0340
1.5000,1.5000,0.0350
1.5000,1.5000,0.0360
1.5000,1.5000,0.0370
1.5000,1.5000,0.0380
1.5000,1.5000,0.0390
1.5000,1.5000,0.0400
1.5000,1.5000,0.0410
1.5000,1.5000,0.0420
1.5000,1.5000,0.0430
1.5000,1.5000,0.0440
1.5000,1.5000,0.0450
1.5000,1.5000,0.0460
1.5000,1.5000,0.0470
1.5000,1.5000,0.0480
1.5000,1.5000,0.0490
1.5000,1.5000,0.0500
1.5000,1.5000,0.0510
1.5000,1.5000,0.0520
1.5000,1.5000,0.0530
1.5000,1.5000,0.0540
1.5000,1.5000,0.0550
1.5000,1.5000,0.0560
1.5000,1.5000,0.0570
1.5000,1.5000,0.0580
1.5000,1.5000,0.0590
1.5000,1.5000,0.0600
1.5000,1.5000,0.0610
1.5000,1.5000,0.0620
1.5000,1.5000,0.0630
1.5000,1.5000,0.0640
1.5000,1.5000,0.0650
1.5000,1.5000,0.0660
1.5000,1.5000,0.0670
1.5000,1.5000,0.0680
1.5000,1.5000,0.0690
1.5000,1.5000,0.0700
1.5000,1.5000,0.0710
1.5000,1.5000,0.0720
1.5000,1.5000,0.0730
1.5000,1.5000,0.0740
1.5000,1.5000,0.0750
1.5000,1.5000,0.0760
1.5000,1.5000,0.0770
1.5000,1.5000,0.0780
1.5000,1.5000,0.0790
1.5000,1.5000,0.0800
1.5000,1.5000,0.0810
1.5000,1.5000,0.0820
1.5000,1.5000,0.0830
1.5000,1.5000,0.0840
1.5000,1.5000,0.0850
1.5000,1.5000,0.0860
1.5000,1.5000,0.0870
1.5000,1.5000,0.0880
1.5000,1.5000,0.0890
1.5000,1.5000,0.0900
1.5000,1.5000,0.0910
1.5000,1.5000,0.0920
1.5000,1.5000,0.0930
1.5000,1.5000,0.0940
1.5000,1.5000,0.0950
1.5000,1.5000,0.0960
1.5000,1.5000,0.0970
1.5000,1.5000,0.0980
1.5000,1.5000,0.0990
1.5000,1.5000,0.1000
1.5000,1.5000,0.1010
1.5000,1.5000,0.1020
1.5000,1.5000,0.1030
1.5000,1.5000,0.1040
1.5000,1.5000,0.1050
1.5000,1.5000,0.1060
1.5000,1.5000,0.1070
1.5000,1.5000,0.1080
1.5000,1.5000,0.1090
1.5000,1.5000,0.1100
1.5000,1.5000,0.1110
1.5000,1.5000,0.1120
1.5000,1.5000,0.1130
1.5000,1.5000,0.1140
1.5000,1.5000,0.1150
1.5000,1.5000,0.1160
1.5000,1.5000,0.1170
1.5000,1.5000,0.1180
1.5000,1.5000,0.1190
1.5000,1.5000,0.1200
1.5000,1.5000,0.1210
1.5000,1.5000,0.1220
1.5000,1.5000,0.1230
1.5000,1.5000,0.1240
1.5000,1.5000,0.1250
1.5000,1.5000,0.1260
1.5000,1.5000,0.1270
1.5000,1.5000,0.1280
1.5000,1.5000,0.1290
1.5000,1.5000,0.1300
1.5000,1.5000,0.1310
1.5000,1.5000,0.1320
1.5000,1.5000,0.1330
1.5000,1.5000,0.1340
1.5000,1.5000,0.1350
1.5000,1.5000,0.1360
1.5000,1.5000,0.1370
1.5000,1.5000,0.1380
1.5000,1.5000,0.1390
1.5000,1.5000,0.1400
1.5000,1.5000,0.1410
1.5000,1.5000,0.1420
1.5000,1.5000,0.1430
1.5000,1.5000,0.1440
1.5000,1.5000,0.1450
1.5000,1.5000,0.1460
1.5000,1.5000,0.1470
1.5000,1.5000,0.1480
1.5000,1.5000,0.1490
1.5000,1.5000,0.1500
1.5000,1.5000,0.1510
1.5000,1.5000,0.1520
1.5000,1.5000,0.1530
1.5000,1.5000,0.1540
1.5000,1.5000,0.1550
1.5000,1.5000,0.1560
1.5000,1.5000,0.1570
1.5000,1.5000,0.1580
1.5000,1.5000,0.1590
1.5000,1.5000,0.1600
1.5000,1.5000,0.1610
1.5000,1.5000,0.1620
1.5000,1.5000,0.1630
1.5000,1.5000,0.1640
1.5000,1.5000,0.1650
1.5000,1.5000,0.1660
1.5000,1.5000,0.1670
1.5000,1.5000,0.1680
1.5000,1.5000,0.1690
1.5000,1.5000,0.1700
1.5000,1.5000,0.1710
1.5000,1.5000,0.1720
1.5000,1.5000,0.1730
1.5000,1.5000,0.1740
1.5000,1.5000,0.1750
1.5000,1.5000,0.1760
1.5000,1.5000,0.1770
1.5000,1.5000,0.1780
1.5000,1.5000,0.1790
1.5000,1.5000,0.1800
1.5000,1.5000,0.1810
1.5000,1.5000,0.1820
1.5000,1.5000,0.1830
1.5000,1.5000,0.1840
1.5000,1.5000,0.1850
1.5000,1.5000,0.1860
1.5000,1.5000,0.1870
1.5000,1.5000,0.1880
1.5000,1.5000,0.1890
1.5000,1.5000,0.1900
1.5000,1.5000,0.1910
1.5000,1.5000,0.1920
1.5000,1.5000,0.1930
1.5000,1.5000,0.1940
1.5000,1.5000,0.1950
1.5000,1.5000,0.1960
1.5000,1.5000,0.1970
1.5000,1.5000,0.1980
1.5000,1.5000,0.1990
1.5000,1.5000,0.2000
1.5000,1.5000,0.2010
1.5000,1.5000,0.2020
1.5000,1.5000,0.2030
1.5000,1.5000,0.2040
1.5000,1.5000,0.2050
1.5000,1.5000,0.2060
1.5000,1.5000,0.2070
1.5000,1.5000,0.2080
1.5000,1.5000,0.2090
1.5000,1.5000,0.2100
1.5000,1.5000,0.2110
1.5000,1.5000,0.2120
1.5000,1.5000,0.2130
1.5000,1.5000,0.2140
1.5000,1.5000,0.2150
1.5000,1.5000,0.2160
1.5000,1.5000,0.2170
1.5000,1.5000,0.2180
1.5000,1.5000,0.2190
1.5000,1.5000,0.2200
1.5000,1.5000,0.2210
1.5000,1.5000,0.2220
1.5000,1.5000,0.2230
1.5000,1.5000,0.2240
1.5000,1.5000,0.2250
1.5000,1.5000,0.2260
1.5000,1.5000,0.2270
1.5000,1.5000,0.2280
1.5000,1.5000,0.2290
1.5000,1.5000,0.2300
1.5000,1.5000,0.2310
1.5000,1.5000,0.2320
1.5000,1.5000,0.2330
1.5000,1.5000,0.2340
1.5000,1.5000,0.2350
1.5000,1.5000,0.2360
1.5000,1.5000,0.2370
1.5000,1.5000,0.2380
1.5000,1.5000,0.2390
1.5000,1.5000,0.2400
1.5000,1.5000,0.2410
1.5000,1.5000,0.2420
1.5000,1.5000,0.2430
1.5000,1.5000,0.2440
1.5000,1.5000,0.2450
1.5000,1.5000,0.2460
1.5000,1.5000,0.2470
1.5000,1.5000,0.2480
1.5000,1.5000,0.2490
1.5000,1.5000,0.2500
1.5000,1.5000,0.2510
1.5000,1.5000,0.2520
1.5000,1.5000,0.2530
1.5000,1.5000,0.2540
1.5000,1.5000,0.2550
1.5000,1.5000,0.2560
1.5000,1.5000,0.2570
1.5000,1.5000,0.2580
1.5000,1.5000,0.2590
1.5000,1.5000,0.2600
1.5000,1.5000,0.2610
1.5000,1.5000,0.2620
1.5000,1.5000,0.2630
1.5000,1.5000,0.2640
1.5000,1.5000,0.2650
1.5000,1.5000,0.2660
1.5000,1.5000,0.2670
1.5000,1.5000,0.2680
1.5000,1.5000,0.2690
1.5000,1.5000,0.2700
1.5000,1.5000,0.2710
1.5000,1.5000,0.2720
1.5000,1.5000,0.2730
1.5000,1.5000,0.2740
1.5000,1.5000,0.2750
1.5000,1.5000,0.2760
1.5000,1.5000,0.2770
1.5000,1.5000,0.2780
1.5000,1.5000,0.2790
1.5000,1.5000,0.2800
1.5000,1.5000,0.2810
1.5000,1.5000,0.2820
1.5000,1.5000,0.2830
1.5000,1.5000,0.2840
1.5000,1.5000,0.2850
1.5000,1.5000,0.2860
1.5000,1.5000,0.2870
1.5000,1.5000,0.2880
1.5000,1.5000,0.2890
1.5000,1.5000,0.2900
1.5000,1.5000,0.2910
1.5000,1.5000,0.2920
1.5000,1.5000,0.2930
1.5000,1.5000,0.2940
1.5000,1.5000,0.2950
1.5000,1.5000,0.2960
1.5000,1.5000,0.2970
1.5000,1.5000,0.2980
1.5000,1.5000,0.2990
1.5000,1.5000,0.3000
1.5000,1.5000,0.3010
1.5000,1.5000,0.3020
1.5000,1.5000,0.3030
1.5000,1.5000,0.3040
1.5000,1.5000,0.3050
1.5000,1.5000,0.3060
1.5000,1.5000,0.3070
1.5000,1.5000,0.3080
1.5000,1.5000,0.3090
1.5000,1.5000,0.3100
1.5000,1.5000,0.3110
1.5000,1.5000,0.3120
1.5000,1.5000,0.3130
1.5000,1.5000,0.3140
1.5000,1.5000,0.3150
1.5000,1.5000,0.3160
1.5000,1.5000,0.3170
1.5000,1.5000,0.3180
1.5000,1.5000,0.3190
1.5000,1.5000,0.3200
1.5000,1.5000,0.3210
1.5000,1.5000,0.3220
1.5000,1.5000,0.3230
1.5000,1.5000,0.3240
1.5000,1.5000,0.3250
1.5000,1.5000,0.3260
1.5000,1.5000,0.3270
1.5000,1.5000,0.3280
1.5000,1.5000,0.3290
1.5000,1.5000,0.3300
1.5000,1.5000,0.3310
1.5000,1.5000,0.3320
1.5000,1.5000,0.3330
1.5000,1.5000,0.3340
1.5000,1.5000,0.3350
1.5000,1.5000,0.3360
1.5000,1.5000,0.3370
1.5000,1.5000,0.3380
1.5000,1.5000,0.3390
1.5000,1.5000,0.3400
1.5000,1.5000,0.3410
1.5000,1.5000,0.3420
1.5000,1.5000,0.3430
1.5000,1.5000,0.3440
1.5000,1.5000,0.3450
1.5000,1.5000,0.3460
1.5000,1.5000,0.3470
1.5000,1.5000,0.3480
1.5000,1.5000,0.3490
1.5000,1.5000,0.3500
1.5000,1.5000,0.3510
1.5000,1.5000,0.3520
1.5000,1.5000,0.3530
1.5000,1.5000,0.3540
1.5000,1.5000,0.3550
1.5000,1.5000,0.3560
1.5000,1.5000,0.3570
1.5000,1.5000,0.3580
1.5000,1.5000,0.3590
1.5000,1.5000,0.3600
1.5000,1.5000,0.3610
1.5000,1.5000,0.3620
1.5000,1.5000,0.3630
1.5000,1.5000,0.3640
1.5000,1.5000,0.3650
1.5000,1.5000,0.3660
1.5000,1.5000,0.3670
1.5000,1.5000,0.3680
1.5000,1.5000,0.3690
1.5000,1.5000,0.3700
1.5000,1.5000,0.3710
1.5000,1.5000,0.3720
1.5000,1.5000,0.3730
1.5000,1.5000,0.3740
1.5000,1.5000,0.3750
1.5000,1.5000,0.3760
1.5000,1.5000,0.3770
1.5000,1.5000,0.3780
1.5000,1.5000,0.3790
1.5000,1.5000,0.3800
1.5000,1.5000,0.3810
1.5000,1.5000,0.3820
1.5000,1.5000,0.3830
1.5000,1.5000,0.3840
1.5000,1.5000,0.3850
1.5000,1.5000,0.3860
1.5000,1.5000,0.3870
1.5000,1.5000,0.3880
1.5000,1.5000,0.3890
1.5000,1.5000,0.3900
1.5000,1.5000,0.3910
1.5000,1.5000,0.3920
1.5000,1.5000,0.3930
1.5000,1.5000,0.3940
1.5000,1.5000,0.3950
1.5000,1.5000,0.3960
1.5000,1.5000,0.3970
1.5000,1.5000,0.3980
1.5000,1.5000,0.3990
1.5000,1.5000,0.4000
1.5000,1.5000,0.4010
1.5000,1.5000,0.4020
1.5000,1.5000,0.4030
1.5000,1.5000,0.4040
1.5000,1.5000,0.4050
1.5000,1.5000,0.4060
1.5000,1.5000,0.4070
1.5000,1.5000,0.4080
1.5000,1.5000,0.4090
1.5000,1.5000,0.4100
1.5000,1.5000,0.4110
1.5000,1.5000,0.4120
1.5000,1.5000,0.4130
1.5000,1.5000,0.4140
1.5000,1.5000,0.4150
1.5000,1.5000,0.4160
1.5000,1.5000,0.4170
1.5000,1.5000,0.4180
1.5000,1.5000,0.4190
1.5000,1.5000,0.4200
1.5000,1.5000,0.4210
1.5000,1.5000,0.4220
1.5000,1.5000,0.4230
1.5000,1.5000,0.4240
1.5000,1.5000,0.4250
1.5000,1.5000,0.4260
1.5000,1.5000,0.4270
1.5000,1.5000,0.4280
1.5000,1.5000,0.4290
1.5000,1.5000,0.4300
1.5000,1.5000,0.4310
1.5000,1.5000,0.4320
1.5000,1.5000,0.4330
1.5000,1.5000,0.4340
1.5000,1.5000,0.4350
1.5000,1.5000,0.4360
1.5000,1.5000,0.4370
1.5000,1.5000,0.4380
1.5000,1.5000,0.4390
1.5000,1.5000,0.4400
1.5000,1.5000,0.4410
1.5000,1.5000,0.4420
1.5000,1.5000,0.4430
1.5000,1.5000,0.4440
1.5000,1.5000,0.4450
1.5000,1.5000,0.4460
1.5000,1.5000,0.4470
1.5000,1.5000,0.4480
1.5000,1.5000,0.4490
1.5000,1.5000,0.4500
1.5000,1.5000,0.4510
1.5000,1.5000,0.4520
1.5000,1.5000,0.4530
1.5000,1.5000,0.4540
1.5000,1.5000,0.4550
1.5000,1.5000,0.4560
1.5000,1.5000,0.4570
1.5000,1.5000,0.4580
1.5000,1.5000,0.4590
1.5000,1.5000,0.4600
1.5000,1.5000,0.4610
1.5000,1.5000,0.4620
1.5000,1.5000,0.4630
1.5000,1.5000,0.4640
1.5000,1.5000,0.4650
1.5000,1.5000,0.4660
1.5000,1.5000,0.4670
1.5000,1.5000,0.4680
1.5000,1.5000,0.4690
1.5000,1.5000,0.4700
1.5000,1.5000,0.4710
1.5000,1.5000,0.4720
1.5000,1.5000,0.4730
1.5000,1.5000,0.4740
1.5000,1.5000,0.4750
1.5000,1.5000,0.4760
1.5000,1.5000,0.4770
1.5000,1.5000,0.4780
1.5000,1.5000,0.4790
1.5000,1.5000,0.4800
1.5000,1.5000,0.4810
1.5000,1.5000,0.4820
1.5000,1.5000,0.4830
1.5000,1.5000,0.4840
1.5000,1.5000,0.4850
1.5000,1.5000,0.4860
1.5000,1.5000,0.4870
1.5000,1.5000,0.4880
1.5000,1.5000,0.4890
1.5000,1.5000,0.4900
1.5000,1.5000,0.4910
1.5000,1.5000,0.4920
1.5000,1.5000,0.4930
1.5000,1.5000,0.4940
1.5000,1.5000,0.4950
1.5000,1.5000,0.4960
1.5000,1.5000,0.4970
1.5000,1.5000,0.4980
1.5000,1.5000,0.4990
1.5000,1.5000,0.5000
1.5000,1.5000,0.5010
1.5000,1.5000,0.5020
1.5000,1.5000,0.5030
1.5000,1.5000,0.5040
1.5000,1.5000,0.5050
1.5000,1.5000,0.5060
1.5000,1.5000,0.5070
1.5000,1.5000,0.5080
1.5000,1.5000,0.5090
1.5000,1.5000,0.5100
1.5000,1.5000,0.5110
1.5000,1.5000,0.5120
1.5000,1.5000,0.5130
1.5000,1.5000,0.5140
1.5000,1.5000,0.5150
1.5000,1.5000,0.5160
1.5000,1.5000,0.5170
1.5000,1.5000,0.5180
1.5000,1.5000,0.5190
1.5000,1.5000,0.5200
1.5000,1.5000,0.5210
1.5000,1.5000,0.5220
1.5000,1.5000,0.5230
1.5000,1.5000,0.5240
1.5000,1.5000,0.5250
1.5000,1.5000,0.5260
1.5000,1.5000,0.5270
1.5000,1.5000,0.5280
1.5000,1.5000,0.5290
1.5000,1.5000,0.5300
1.5000,1.5000,0.5310
1.5000,1.5000,0.5320
1.5000,1.5000,0.5330
1.5000,1.5000,0.5340
1.5000,1.5000,0.5350
1.5000,1.5000,0.5360
1.5000,1.5000,0.5370
1.5000,1.5000,0.5380
1.5000,1.5000,0.5390
1.5000,1.5000,0.5400
1.5000,1.5000,0.5410
1.5000,1.5000,0.5420
1.5000,1.5000,0.5430
1.5000,1.5000,0.5440
1.5000,1.5000,0.5450
1.5000,1.5000,0.5460
1.5000,1.5000,0.5470
1.5000,1.5000,0.5480
1.5000,1.5000,0.5490
1.5000,1.5000,0.5500
1.5000,1.5000,0.5510
1.5000,1.5000,0.5520
1.5000,1.5000,0.5530
1.5000,1.5000,0.5540
1.5000,1.5000,0.5550
1.5000,1.5000,0.5560
1.5000,1.5000,0.5570
1.5000,1.5000,0.5580
1.5000,1.5000,0.5590
1.5000,1.5000,0.5600
1.5000,1.5000,0.5610
1.5000,1.5000,0.5620
1.5000,1.5000,0.5630
1.5000,1.5000,0.5640
1.5000,1.5000,0.5650
1.5000,1.5000,0.5660
1.5000,1.5000,0.5670
1.5000,1.5000,0.5680
1.5000,1.5000,0.5690
1.5000,1.5000,0.5700
1.5000,1.5000,0.5710
1.5000,1.5000,0.5720
1.5000,1.5000,0.5730
1.5000,1.5000,0.5740
1.5000,1.5000,0.5750
1.5000,1.5000,0.5760
1.5000,1.5000,0.5770
1.5000,1.5000,0.5780
1.5000,1.5000,0.5790
1.5000,1.5000,0.5800
1.5000,1.5000,0.5810
1.5000,1.5000,0.5820
1.5000,1.5000,0.5830
1.5000,1.5000,0.5840
1.5000,1.5000,0.5850
1.5000,1.5000,0.5860
1.5000,1.5000,0.5870
1.5000,1.5000,0.5880
1.5000,1.5000,0.5890
1.5000,1.5000,0.5900
1.5000,1.5000,0.5910
1.5000,1.5000,0.5920
1.5000,1.5000,0.5930
1.5000,1.5000,0.5940
1.5000,1.5000,0.5950
1.5000,1.5000,0.5960
1.5000,1.5000,0.5970
1.5000,1.5000,0.5980
1.5000,1.5000,0.5990
1.5000,1.5000,0.6000
1.5000,1.5000,0.6010
1.5000,1.5000,0.6020
1.5000,1.5000,0.6030
1.5000,1.5000,0.6040
1.5000,1.5000,0.6050
1.5000,1.5000,0.6060
1.5000,1.5000,0.6070
1.5000,1.5000,0.6080
1.5000,1.5000,0.6090
1.5000,1.5000,0.6100
1.5000,1.5000,0.6110
1.5000,1.5000,0.6120
1.5000,1.5000,0.6130
1.5000,1.5000,0.6140
1.5000,1.5000,0.6150
1.5000,1.5000,0.6160
1.5000,1.5000,0.6170
1.5000,1.5000,0.6180
1.5000,1.5000,0.6190
1.5000,1.5000,0.6200
1.5000,1.5000,0.6210
1.5000,1.5000,0.6220
1.5000,1.5000,0.6230
1.5000,1.5000,0.6240
1.5000,1.5000,0.6250
1.5000,1.5000,0.6260
1.5000,1.5000,0.6270
1.5000,1.5000,0.6280
1.5000,1.5000,0.6290
1.5000,1.5000,0.6300
1.5000,1.5000,0.6310
1.5000,1.5000,0.6320
1.5000,1.5000,0.6330
1.5000,1.5000,0.6340
1.5000,1.5000,0.6350
1.5000,1.5000,0.6360
1.5000,1.5000,0.6370
1.5000,1.5000,0.6380
1.5000,1.5000,0.6390
1.5000,1.5000,0.6400
1.5000,1.5000,0.6410
1.5000,1.5000,0.6420
1.5000,1.5000,0.6430
1.5000,1.5000,0.6440
1.5000,1.5000,0.6450
1.5000,1.5000,0.6460
1.5000,1.5000,0.6470
1.5000,1.5000,0.6480
1.5000,1.5000,0.6490
1.5000,1.5000,0.6500
1.5000,1.5000,0.6510
1.5000,1.5000,0.6520
1.5000,1.5000,0.6530
1.5000,1.5000,0.6540
1.5000,1.5000,0.6550
1.5000,1.5000,0.6560
1.5000,1.5000,0.6570
1.5000,1.5000,0.6580
1.5000,1.5000,0.6590
1.5000,1.5000,0.6600
1.5000,1.5000,0.6610
1.5000,1.5000,0.6620
1.5000,1.5000,0.6630
1.5000,1.5000,0.6640
1.5000,1.5000,0.6650
1.5000,1.5000,0.6660
1.5000,1.5000,0.6670
1.5000,1.5000,0.6680
1.5000,1.5000,0.6690
1.5000,1.5000,0.6700
1.5000,1.5000,0.6710
1.5000,1.5000,0.6720
1.5000,1.5000,0.6730
1.5000,1.5000,0.6740
1.5000,1.5000,0.6750
1.5000,1.5000,0.6760
1.5000,1.5000,0.6770
1.5000,1.5000,0.6780
1.5000,1.5000,0.6790
1.5000,1.5000,0.6800
1.5000,1.5000,0.6810
1.5000,1.5000,0.6820
1.5000,1.5000,0.6830
1.5000,1.5000,0.6840
1.5000,1.5000,0.6850
1.5000,1.5000,0.6860
1.5000,1.5000,0.6870
1.5000,1.5000,0.6880
1.5000,1.5000,0.6890
1.5000,1.5000,0.6900
1.5000,1.5000,0.6910
1.5000,1.5000,0.6920
1.5000,1.5000,0.6930
1.5000,1.5000,0.6940
1.5000,1.5000,0.6950
1.5000,1.5000,0.6960
1.5000,1.5000,0.6970
1.5000,1.5000,0.6980
1.5000,1.5000,0.6990
1.5000,1.5000,0.7000
1.5000,1.5000,0.7010
1.5000,1.5000,0.7020
1.5000,1.5000,0.7030
1.5000,1.5000,0.7040
1.5000,1.5000,0.7050
1.5000,1.5000,0.7060
1.5000,1.5000,0.7070
1.5000,1.5000,0.7080
1.5000,1.5000,0.7090
1.5000,1.5000,0.7100
1.5000,1.5000,0.7110
1.5000,1.5000,0.7120
1.5000,1.5000,0.7130
1.5000,1.5000,0.7140
1.5000,1.5000,0.7150
1.5000,1.5000,0.7160
1.5000,1.5000,0.7170
1.5000,1.5000,0.7180
1.5000,1.5000,0.7190
1.5000,1.5000,0.7200
1.5000,1.5000,0.7210
1.5000,1.5000,0.7220
1.5000,1.5000,0.7230
1.5000,1.5000,0.7240
1.5000,1.5000,0.7250
1.5000,1.5000,0.7260
1.5000,1.5000,0.7270
1.5000,1.5000,0.7280
1.5000,1.5000,0.7290
1.5000,1.5000,0.7300
1.5000,1.5000,0.7310
1.5000,1.5000,0.7320
1.5000,1.5000,0.7330
1.5000,1.5000,0.7340
1.5000,1.5000,0.7350
1.5000,1.5000,0.7360
1.5000,1.5000,0.7370
1.5000,1.5000,0.7380
1.5000,1.5000,0.7390
1.5000,1.5000,0.7400
1.5000,1.5000,0.7410
1.5000,1.5000,0.7420
1.5000,1.5000,0.7430
1.5000,1.5000,0.7440
1.5000,1.5000,0.7450
1.5000,1.5000,0.7460
1.5000,1.5000,0.7470
1.5000,1.5000,0.7480
1.5000,1.5000,0.7490
1.5000,1.5000,0.7500
1.5000,1.5000,0.7510
1.5000,1.5000,0.7520
1.5000,1.5000,0.7530
1.5000,1.5000,0.7540
1.5000,1.5000,0.7550
1.5000,1.5000,0.7560
1.5000,1.5000,0.7570
1.5000,1.5000,0.7580
1.5000,1.5000,0.7590
1.5000,1.5000,0.7600
1.5000,1.5000,0.7610
1.5000,1.5000,0.7620
1.5000,1.5000,0.7630
1.5000,1.5000,0.7640
1.5000,1.5000,0.7650
1.5000,1.5000,0.7660
1.5000,1.5000,0.7670
1.5000,1.5000,0.7680
1.5000,1.5000,0.7690
1.5000,1.5000,0.7700
1.5000,1.5000,0.7710
1.5000,1.5000,0.7720
1.5000,1.5000,0.7730
1.5000,1.5000,0.7740
1.5000,1.5000,0.7750
1.5000,1.5000,0.7760
1.5000,1.5000,0.7770
1.5000,1.5000,0.7780
1.5000,1.5000,0.7790
1.5000,1.5000,0.7800
1.5000,1.5000,0.7810
1.5000,1.5000,0.7820
1.5000,1.5000,0.7830
1.5000,1.5000,0.7840
1.5000,1.5000,0.7850
1.5000,1.5000,0.7860
1.5000,1.5000,0.7870
1.5000,1.5000,0.7880
1.5000,1.5000,0.7890
1.5000,1.5000,0.7900
1.5000,1.5000,0.7910
1.5000,1.5000,0.7920
1.5000,1.5000,0.7930
1.5000,1.5000,0.7940
1.5000,1.5000,0.7950
1.5000,1.5000,0.7960
1.5000,1.5000,0.7970
1.5000,1.5000,0.7980
1.5000,1.5000,0.7990
1.5000,1.5000,0.8000
1.5000,1.5000,0.8010
1.5000,1.5000,0.8020
1.5000,1.5000,0.8030
1.5000,1.5000,0.8040
1.5000,1.5000,0.8050
1.5000,1.5000,0.8060
1.5000,1.5000,0.8070
1.5000,1.5000,0.8080
1.5000,1.5000,0.8090
1.5000,1.5000,0.8100
1.5000,1.5000,0.8110
1.5000,1.5000,0.8120
1.5000,1.5000,0.8130
1.5000,1.5000,0.8140
1.5000,1.5000,0.8150
1.5000,1.5000,0.8160
1.5000,1.5000,0.8170
1.5000,1.5000,0.8180
1.5000,1.5000,0.8190
1.5000,1.5000,0.8200
1.5000,1.5000,0.8210
1.5000,1.5000,0.8220
1.5000,1.5000,0.8230
1.5000,1.5000,0.8240
1.5000,1.5000,0.8250
1.5000,1.5000,0.8260
1.5000,1.5000,0.8270
1.5000,1.5000,0.8280
1.5000,1.5000,0.8290
1.5000,1.5000,0.8300
1.5000,1.5000,0.8310
1.5000,1.5000,0.8320
1.5000,1.5000,0.8330
1.5000,1.5000,0.8340
1.5000,1.5000,0.8350
1.5000,1.5000,0.8360
1.5000,1.5000,0.8370
1.5000,1.5000,0.8380
1.5000,1.5000,0.8390
1.5000,1.5000,0.8400
1.5000,1.5000,0.8410
1.5000,1.5000,0.8420
1.5000,1.5000,0.8430
1.5000,1.5000,0.8440
1.5000,1.5000,0.8450
1.5000,1.5000,0.8460
1.5000,1.5000,0.8470
1.5000,1.5000,0.8480
1.5000,1.5000,0.8490
1.5000,1.5000,0.8500
1.5000,1.5000,0.8510
1.5000,1.5000,0.8520
1.5000,1.5000,0.8530
1.5000,1.5000,0.8540
1.5000,1.5000,0.8550
1.5000,1.5000,0.8560
1.5000,1.5000,0.8570
1.5000,1.5000,0.8580
1.5000,1.5000,0.8590
1.5000,1.5000,0.8600
1.5000,1.5000,0.8610
1.5000,1.5000,0.8620
1.5000,1.5000,0.8630
1.5000,1.5000,0.8640
1.5000,1.5000,0.8650
1.5000,1.5000,0.8660
1.5000,1.5000,0.8670
1.5000,1.5000,0.8680
1.5000,1.5000,0.8690
1.5000,1.5000,0.8700
1.5000,1.5000,0.8710
1.5000,1.5000,0.8720
1.5000,1.5000,0.8730
1.5000,1.5000,0.8740
1.5000,1.5000,0.8750
1.5000,1.5000,0.8760
1.5000,1.5000,0.8770
1.5000,1.5000,0.8780
1.5000,1.5000,0.8790
1.5000,1.5000,0.8800
1.5000,1.5000,0.8810
1.5000,1.5000,0.8820
1.5000,1.5000,0.8830
1.5000,1.5000,0.8840
1.5000,1.5000,0.8850
1.5000,1.5000,0.8860
1.5000,1.5000,0.8870
1.5000,1.5000,0.8880
1.5000,1.5000,0.8890
1.5000,1.5000,0.8900
1.5000,1.5000,0.8910
1.5000,1.5000,0.8920
1.5000,1.5000,0.8930
1.5000,1.5000,0.8940
1.5000,1.5000,0.8950
1.5000,1.5000,0.8960
1.5000,1.5000,0.8970
1.5000,1.5000,0.8980
1.5000,1.5000,0.8990
1.5000,1.5000,0.9000
1.5000,1.5000,0.9010
1.5000,1.5000,0.9020
1.5000,1.5000,0.9030
1.5000,1.5000,0.9040
1.5000,1.5000,0.9050
1.5000,1.5000,0.9060
1.5000,1.5000,0.9070
1.5000,1.5000,0.9080
1.5000,1.5000,0.9090
1.5000,1.5000,0.9100
1.5000,1.5000,0.9110
1.5000,1.5000,0.9120
1.5000,1.5000,0.9130
1.5000,1.5000,0.9140
1.5000,1.5000,0.9150
1.5000,1.5000,0.9160
1.5000,1.5000,0.9170
1.5000,1.5000,0.9180
1.5000,1.5000,0.9190
1.5000,1.5000,0.9200
1.5000,1.5000,0.9210
1.5000,1.5000,0.9220
1.5000,1.5000,0.9230
1.5000,1.5000,0.9240
1.5000,1.5000,0.9250
1.5000,1.5000,0.9260
1.5000,1.5000,0.9270
1.5000,1.5000,0.9280
1.5000,1.5000,0.9290
1.5000,1.5000,0.9300
1.5000,1.5000,0.9310
1.5000,1.5000,0.9320
1.5000,1.5000,0.9330
1.5000,1.5000,0.9340
1.5000,1.5000,0.9350
1.5000,1.5000,0.9360
1.5000,1.5000,0.9370
1.5000,1.5000,0.9380
1.5000,1.5000,0.9390
1.5000,1.5000,0.9400
1.5000,1.5000,0.9410
1.5000,1.5000,0.9420
1.5000,1.5000,0.9430
1.5000,1.5000,0.9440
1.5000,1.5000,0.9450
1.5000,1.5000,0.9460
1.5000,1.5000,0.9470
1.5000,1.5000,0.9480
1.5000,1.5000,0.9490
1.5000,1.5000,0.9500
1.5000,1.5000,0.9510
1.5000,1.5000,0.9520
1.5000,1.5000,0.9530
1.5000,1.5000,0.9540
1.5000,1.5000,0.9550
1.5000,1.5000,0.9560
1.5000,1.5000,0.9570
1.5000,1.5000,0.9580
1.5000,1.5000,0.9590
1.5000,1.5000,0.9600
1.5000,1.5000,0.9610
1.5000,1.5000,0.9620
1.5000,1.5000,0.9630
1.5000,1.5000,0.9640
1.5000,1.5000,0.9650
1.5000,1.5000,0.9660
1.5000,1.5000,0.9670
1.5000,1.5000,0.9680
1.5000,1.5000,0.9690
1.5000,1.5000,0.9700
1.5000,1.5000,0.9710
1.5000,1.5000,0.9720
1.5000,1.5000,0.9730
1.5000,1.5000,0.9740
1.5000,1.5000,0.9750
1.5000,1.5000,0.9760
1.5000,1.5000,0.9770
1.5000,1.5000,0.9780
1.5000,1.5000,0.9790
1.5000,1.5000,0.9800
1.5000,1.5000,0.9810
1.5000,1.5000,0.9820
1.5000,1.5000,0.9830
1.5000,1.5000,0.9840
1.5000,1.5000,0.9850
1.5000,1.5000,0.9860
1.5000,1.5000,0.9870
1.5000,1.5000,0.9880
1.5000,1.5000,0.9890
1.5000,1.5000,0.9900
1.5000,1.5000,0.9910
1.5000,1.5000,0.9920
1.5000,1.5000,0.9930
1.5000,1.5000,0.9940
1.5000,1.5000,0.9950
1.5000,1.5000,0.9960
1.5000,1.5000,0.9970
1.5000,1.5000,0.9980
1.5000,1.5000,0.9990
1.5000,1.5000,1.0000
1.5000,1.5000,1.0010
1.5000,1.5000,1.0020
1.5000,1.5000,1.0030
1.5000,1.5000,1.0040
1.5000,1.5000,1.0050
1.5000,1.5000,1.0060
1.5000,1.5000,1.0070
1.5000,1.5000,1.0080
1.5000,1.5000,1.0090
1.5000,1.5000,1.0100
1.5000,1.5000,1.0110
1.5000,1.5000,1.0120
1.5000,1.5000,1.0130
1.5000,1.5000,1.0140
1.5000,1.5000,1.0150
1.5000,1.5000,1.0160
1.5000,1.5000,1.0170
1.5000,1.5000,1.0180
1.5000,1.5000,1.0190
1.5000,1.5000,1.0200
1.5000,1.5000,1.0210
1.5000,1.5000,1.0220
1.5000,1.5000,1.0230
1.5000,1.5000,1.0240
1.5000,1.5000,1.0250
1.5000,1.5000,1.0260
1.5000,1.5000,1.0270
1.5000,1.5000,1.0280
1.5000,1.5000,1.0290
1.5000,1.5000,1.0300
1.5000,1.5000,1.0310
1.5000,1.5000,1.0320
1.5000,1.5000,1.0330
1.5000,1.5000,1.0340
1.5000,1.5000,1.0350
1.5000,1.5000,1.0360
1.5000,1.5000,1.0370
1.5000,1.5000,1.0380
1.5000,1.5000,1.0390
1.5000,1.5000,1.0400
1.5000,1.5000,1.0410
1.5000,1.5000,1.0420
1.5000,1.5000,1.0430
1.5000,1.5000,1.0440
1.5000,1.5000,1.0450
1.5000,1.5000,1.0460
1.5000,1.5000,1.0470
1.5000,1.5000,1.0480
1.5000,1.5000,1.0490
1.5000,1.5000,1.0500
1.5000,1.5000,1.0510
1.5000,1.5000,1.0520
1.5000,1.5000,1.0530
1.5000,1.5000,1.0540
1.5000,1.5000,1.0550
1.5000,1.5000,1.0560
1.5000,1.5000,1.0570
1.5000,1.5000,1.0580
1.5000,1.5000,1.0590
1.5000,1.5000,1.0600
1.5000,1.5000,1.0610
1.5000,1.5000,1.0620
1.5000,1.5000,1.0630
1.5000,1.5000,1.0640
1.5000,1.5000,1.0650
1.5000,1.5000,1.0660
1.5000,1.5000,1.0670
1.5000,1.5000,1.0680
1.5000,1.5000,1.0690
1.5000,1.5000,1.0700
1.5000,1.5000,1.0710
1.5000,1.5000,1.0720
1.5000,1.5000,1.0730
1.5000,1.5000,1.0740
1.5000,1.5000,1.0750
1.5000,1.5000,1.0760
1.5000,1.5000,1.0770
1.5000,1.5000,1.0780
1.5000,1.5000,1.0790
1.5000,1.5000,1.0800
1.5000,1.5000,1.0810
1.5000,1.5000,1.0820
1.5000,1.5000,1.0830
1.5000,1.5000,1.0840
1.5000,1.5000,1.0850
1.5000,1.5000,1.0860
1.5000,1.5000,1.0870
1.5000,1.5000,1.0880
1.5000,1.5000,1.0890
1.5000,1.5000,1.0900
1.5000,1.5000,1.0910
1.5000,1.5000,1.0920
1.5000,1.5000,1.0930
1.5000,1.5000,1.0940
1.5000,1.5000,1.0950
1.5000,1.5000,1.0960
1.5000,1.5000,1.0970
1.5000,1.5000,1.0980
1.5000,1.5000,1.0990
1.5000,1.5000,1.1000
1.5000,1.5000,1.1010
1.5000,1.5000,1.1020
1.5000,1.5000,1.1030
1.5000,1.5000,1.1040
1.5000,1.5000,1.1050
1.5000,1.5000,1.1060
1.5000,1.5000,1.1070
1.5000,1.5000,1.1080
1.5000,1.5000,1.1090
1.5000,1.5000,1.1100
1.5000,1.5000,1.1110
1.5000,1.5000,1.1120
1.5000,1.5000,1.1130
1.5000,1.5000,1.1140
1.5000,1.5000,1.1150
1.5000,1.5000,1.1160
1.5000,1.5000,1.1170
1.5000,1.5000,1.1180
1.5000,1.5000,1.1190
1.5000,1.5000,1.1200
1.5000,1.5000,1.1210
1.5000,1.5000,1.1220
1.5000,1.5000,1.1230
1.5000,1.5000,1.1240
1.5000,1.5000,1.1250
1.5000,1.5000,1.1260
1.5000,1.5000,1.1270
1.5000,1.5000,1.1280
1.5000,1.5000,1.1290
1.5000,1.5000,1.1300
1.5000,1.5000,1.1310
1.5000,1.5000,1.1320
1.5000,1.5000,1.1330
1.5000,1.5000,1.1340
1.5000,1.5000,1.1350
1.5000,1.5000,1.1360
1.5000,1.5000,1.1370
1.5000,1.5000,1.1380
1.5000,1.5000,1.1390
1.5000,1.5000,1.1400
1.5000,1.5000,1.1410
1.5000,1.5000,1.1420
1.5000,1.5000,1.1430
1.5000,1.5000,1.1440
1.5000,1.5000,1.1450
1.5000,1.5000,1.1460
1.5000,1.5000,1.1470
1.5000,1.5000,1.1480
1.5000,1.5000,1.1490
1.5000,1.5000,1.1500
1.5000,1.5000,1.1510
1.5000,1.5000,1.1520
1.5000,1.5000,1.1530
1.5000,1.5000,1.1540
1.5000,1.5000,1.1550
1.5000,1.5000,1.1560
1.5000,1.5000,1.1570
1.5000,1.5000,1.1580
1.5000,1.5000,1.1590
1.5000,1.5000,1.1600
1.5000,1.5000,1.1610
1.5000,1.5000,1.1620
1.5000,1.5000,1.1630
1.5000,1.5000,1.1640
1.5000,1.5000,1.1650
1.5000,1.5000,1.1660
1.5000,1.5000,1.1670
1.5000,1.5000,1.1680
1.5000,1.5000,1.1690
1.5000,1.5000,1.1700
1.5000,1.5000,1.1710
1.5000,1.5000,1.1720
1.5000,1.5000,1.1730
1.5000,1.5000,1.1740
1.5000,1.5000,1.1750
1.5000,1.5000,1.1760
1.5000,1.5000,1.1770
1.5000,1.5000,1.1780
1.5000,1.5000,1.1790
1.5000,1.5000,1.1800
1.5000,1.5000,1.1810
1.5000,1.5000,1.1820
1.5000,1.5000,1.1830
1.5000,1.5000,1.1840
1.5000,1.5000,1.1850
1.5000,1.5000,1.1860
1.5000,1.5000,1.1870
1.5000,1.5000,1.1880
1.5000,1.5000,1.1890
1.5000,1.5000,1.1900
1.5000,1.5000,1.1910
1.5000,1.5000,1.1920
1.5000,1.5000,1.1930
1.5000,1.5000,1.1940
1.5000,1.5000,1.1950
1.5000,1.5000,1.1960
1.5000,1.5000,1.1970
1.5000,1.5000,1.1980
1.5000,1.5000,1.1990
1.5000,1.5000,1.2000
1.5000,1.5000,1.2010
1.5000,1.5000,1.2020
1.5000,1.5000,1.2030
1.5000,1.5000,1.2040
1.5000,1.5000,1.2050
1.5000,1.5000,1.2060
1.5000,1.5000,1.2070
1.5000,1.5000,1.2080
1.5000,1.5000,1.2090
1.5000,1.5000,1.2100
1.5000,1.5000,1.2110
1.5000,1.5000,1.2120
1.5000,1.5000,1.2130
1.5000,1.5000,1.2140
1.5000,1.5000,1.2150
1.5000,1.5000,1.2160
1.5000,1.5000,1.2170
1.5000,1.5000,1.2180
1.5000,1.5000,1.2190
1.5000,1.5000,1.2200
1.5000,1.5000,1.2210
1.5000,1.5000,1.2220
1.5000,1.5000,1.2230
1.5000,1.5000,1.2240
1.5000,1.5000,1.2250
1.5000,1.5000,1.2260
1.5000,1.5000,1.2270
1.5000,1.5000,1.2280
1.5000,1.5000,1.2290
1.5000,1.5000,1.2300
1.5000,1.5000,1.2310
1.5000,1.5000,1.2320
1.5000,1.5000,1.2330
1.5000,1.5000,1.2340
1.5000,1.5000,1.2350
1.5000,1.5000,1.2360
1.5000,1.5000,1.2370
1.5000,1.5000,1.2380
1.5000,1.5000,1.2390
1.5000,1.5000,1.2400
1.5000,1.5000,1.2410
1.5000,1.5000,1.2420
1.5000,1.5000,1.2430
1.5000,1.5000,1.2440
1.5000,1.5000,1.2450
1.5000,1.5000,1.2460
1.5000,1.5000,1.2470
1.5000,1.5000,1.2480
1.5000,1.5000,1.2490
1.5000,1.5000,1.2500
1.5000,1.5000,1.2510
1.5000,1.5000,1.2520
1.5000,1.5000,1.2530
1.5000,1.5000,1.2540
1.5000,1.5000,1.2550
1.5000,1.5000,1.2560
1.5000,1.5000,1.2570
1.5000,1.5000,1.2580
1.5000,1.5000,1.2590
1.5000,1.5000,1.2600
1.5000,1.5000,1.2610
1.5000,1.5000,1.2620
1.5000,1.5000,1.2630
1.5000,1.5000,1.2640
1.5000,1.5000,1.2650
1.5000,1.5000,1.2660
1.5000,1.5000,1.2670
1.5000,1.5000,1.2680
1.5000,1.5000,1.2690
1.5000,1.5000,1.2700
1.5000,1.5000,1.2710
1.5000,1.5000,1.2720
1.5000,1.5000,1.2730
1.5000,1.5000,1.2740
1.5000,1.5000,1.2750
1.5000,1.5000,1.2760
1.5000,1.5000,1.2770
1.5000,1.5000,1.2780
1.5000,1.5000,1.2790
1.5000,1.5000,1.2800
1.5000,1.5000,1.2810
1.5000,1.5000,1.2820
1.5000,1.5000,1.2830
1.5000,1.5000,1.2840
1.5000,1.5000,1.2850
1.5000,1.5000,1.2860
1.5000,1.5000,1.2870
1.5000,1.5000,1.2880
1.5000,1.5000,1.2890
1.5000,1.5000,1.2900
1.5000,1.5000,1.2910
1.5000,1.5000,1.2920
1.5000,1.5000,1.2930
1.5000,1.5000,1.2940
1.5000,1.5000,1.2950
1.5000,1.5000,1.2960
1.5000,1.5000,1.2970
1.5000,1.5000,1.2980
1.5000,1.5000,1.2990
1.5000,1.5000,1.3000
1.5000,1.5000,1.3010
1.5000,1.5000,1.3020
1.5000,1.5000,1.3030
1.5000,1.5000,1.3040
1.5000,1.5000,1.3050
1.5000,1.5000,1.3060
1.5000,1.5000,1.3070
1.5000,1.5000,1.3080
1.5000,1.5000,1.3090
1.5000,1.5000,1.3100
1.5000,1.5000,1.3110
1.5000,1.5000,1.3120
1.5000,1.5000,1.3130
1.5000,1.5000,1.3140
1.5000,1.5000,1.3150
1.5000,1.5000,1.3160
1.5000,1.5000,1.3170
1.5000,1.5000,1.3180
1.5000,1.5000,1.3190
1.5000,1.5000,1.3200
1.5000,1.5000,1.3210
1.5000,1.5000,1.3220
1.5000,1.5000,1.3230
1.5000,1.5000,1.3240
1.5000,1.5000,1.3250
1.5000,1.5000,1.3260
1.5000,1.5000,1.3270
1.5000,1.5000,1.3280
1.5000,1.5000,1.3290
1.5000,1.5000,1.3300
1.5000,1.5000,1.3310
1.5000,1.5000,1.3320
1.5000,1.5000,1.3330
1.5000,1.5000,1.3340
1.5000,1.5000,1.3350
1.5000,1.5000,1.3360
1.5000,1.5000,1.3370
1.5000,1.5000,1.3380
1.5000,1.5000,1.3390
1.5000,1.5000,1.3400
1.5000,1.5000,1.3410
1.5000,1.5000,1.3420
1.5000,1.5000,1.3430
1.5000,1.5000,1.3440
1.5000,1.5000,1.3450
1.5000,1.5000,1.3460
1.5000,1.5000,1.3470
1.5000,1.5000,1.3480
1.5000,1.5000,1.3490
1.5000,1.5000,1.3500
1.5000,1.5000,1.3510
1.5000,1.5000,1.3520
1.5000,1.5000,1.3530
1.5000,1.5000,1.3540
1.5000,1.5000,1.3550
1.5000,1.5000,1.3560
1.5000,1.5000,1.3570
1.5000,1.5000,1.3580
1.5000,1.5000,1.3590
1.5000,1.5000,1.3600
1.5000,1.5000,1.3610
1.5000,1.5000,1.3620
1.5000,1.5000,1.3630
1.5000,1.5000,1.3640
1.5000,1.5000,1.3650
1.5000,1.5000,1.3660
1.5000,1.5000,1.3670
1.5000,1.5000,1.3680
1.5000,1.5000,1.3690
1.5000,1.5000,1.3700
1.5000,1.5000,1.3710
1.5000,1.5000,1.3720
1.5000,1.5000,1.3730
1.5000,1.5000,1.3740
1.5000,1.5000,1.3750
1.5000,1.5000,1.3760
1.5000,1.5000,1.3770
1.5000,1.5000,1.3780
1.5000,1.5000,1.3790
1.5000,1.5000,1.3800
1.5000,1.5000,1.3810
1.5000,1.5000,1.3820
1.5000,1.5000,1.3830
1.5000,1.5000,1.3840
1.5000,1.5000,1.3850
1.5000,1.5000,1.3860
1.5000,1.5000,1.3870
1.5000,1.5000,1.3880
1.5000,1.5000,1.3890
1.5000,1.5000,1.3900
1.5000,1.5000,1.3910
1.5000,1.5000,1.3920
1.5000,1.5000,1.3930
1.5000,1.5000,1.3940
1.5000,1.5000,1.3950
1.5000,1.5000,1.3960
1.5000,1.5000,1.3970
1.5000,1.5000,1.3980
1.5000,1.5000,1.3990
1.5000,1.5000,1.4000
1.5000,1.5000,1.4010
1.5000,1.5000,1.4020
1.5000,1.5000,1.4030
1.5000,1.5000,1.4040
1.5000,1.5000,1.4050
1.5000,1.5000,1.4060
1.5000,1.5000,1.4070
1.5000,1.5000,1.4080
1.5000,1.5000,1.4090
1.5000,1.5000,1.4100
1.5000,1.5000,1.4110
1.5000,1.5000,1.4120
1.5000,1.5000,1.4130
1.5000,1.5000,1.4140
1.5000,1.5000,1.4150
1.5000,1.5000,1.4160
1.5000,1.5000,1.4170
1.5000,1.5000,1.4180
1.5000,1.5000,1.4190
1.5000,1.5000,1.4200
1.5000,1.5000,1.4210
1.5000,1.5000,1.4220
1.5000,1.5000,1.4230
1.5000,1.5000,1.4240
1.5000,1.5000,1.4250
1.5000,1.5000,1.4260
1.5000,1.5000,1.4270
1.5000,1.5000,1.4280
1.5000,1.5000,1.4290
1.5000,1.5000,1.4300
1.5000,1.5000,1.4310
1.5000,1.5000,1.4320
1.5000,1.5000,1.4330
1.5000,1.5000,1.4340
1.5000,1.5000,1.4350
1.5000,1.5000,1.4360
1.5000,1.5000,1.4370
1.5000,1.5000,1.4380
1.5000,1.5000,1.4390
1.5000,1.5000,1.4400
1.5000,1.5000,1.4410
1.5000,1.5000,1.4420
1.5000,1.5000,1.4430
1.5000,1.5000,1.4440
1.5000,1.5000,1.4450
1.5000,1.5000,1.4460
1.5000,1.5000,1.4470
1.5000,1.5000,1.4480
1.5000,1.5000,1.4490
1.5000,1.5000,1.4500
1.5000,1.5000,1.4510
1.5000,1.5000,1.4520
1.5000,1.5000,1.4530
1.5000,1.5000,1.4540
1.5000,1.5000,1.4550
1.5000,1.5000,1.4560
1.5000,1.5000,1.4570
1.5000,1.5000,1.4580
1.5000,1.5000,1.4590
1.5000,1.5000,1.4600
1.5000,1.5000,1.4610
1.5000,1.5000,1.4620
1.5000,1.5000,1.4630
1.5000,1.5000,1.4640
1.5000,1.5000,1.4650
1.5000,1.5000,1.4660
1.5000,1.5000,1.4670
1.5000,1.5000,1.4680
1.5000,1.5000,1.4690
1.5000,1.5000,1.4700
1.5000,1.5000,1.4710
1.5000,1.5000,1.4720
1.5000,1.5000,1.4730
1.5000,1.5000,1.4740
1.5000,1.5000,1.4750
1.5000,1.5000,1.4760
1.5000,1.5000,1.4770
1.5000,1.5000,1.4780
1.5000,1.5000,1.4790
1.5000,1.5000,1.4800
1.5000,1.5000,1.4810
1.5000,1.5000,1.4820
1.5000,1.5000,1.4830
1.5000,1.5000,1.4840
1.5000,1.5000,1.4850
1.5000,1.5000,1.4860
1.5000,1.5000,1.4870
1.5000,1.5000,1.4880
1.5000,1.5000,1.4890
1.5000,1.5000,1.4900
1.5000,1.5000,1.4910
1.5000,1.5000,1.4920
1.5000,1.5000,1.4930
1.5000,1.5000,1.4940
1.5000,1.5000,1.4950
1.5000,1.5000,1.4960
1.5000,1.5000,1.4970
1.5000,1.5000,1.4980
1.5000,1.5000,1.4990
1.5000,1.5000,1.5000
1.5008,1.5000,1.5003
1.5015,1.5000,1.5005
1.5023,1.5000,1.5008
1.5030,1.5000,1.5010
1.5037,1.5000,1.5012
1.5045,1.5000,1.5015
1.5052,1.5000,1.5017
1.5060,1.5000,1.5020
1.5068,1.5000,1.5023
1.5075,1.5000,1.5025
1.5083,1.5000,1.5028
1.5090,1.5000,1.5030
1.5097,1.5000,1.5032
1.5105,1.5000,1.5035
1.5112,1.5000,1.5037
1.5120,1.5000,1.5040
1.5128,1.5000,1.5043
1.5135,1.5000,1.5045
1.5143,1.5000,1.5048
1.5150,1.5000,1.5050
1.5157,1.5000,1.5052
1.5165,1.5000,1.5055
1.5172,1.5000,1.5057
1.5180,1.5000,1.5060
1.5188,1.5000,1.5063
1.5195,1.5000,1.5065
1.5203,1.5000,1.5068
1.5210,1.5000,1.5070
1.5217,1.5000,1.5072
1.5225,1.5000,1.5075
1.5232,1.5000,1.5077
1.5240,1.5000,1.5080
1.5248,1.5000,1.5083
1.5255,1.5000,1.5085
1.5263,1.5000,1.5088
1.5270,1.5000,1.5090
1.5277,1.5000,1.5092
1.5285,1.5000,1.5095
1.5292,1.5000,1.5097
1.5300,1.5000,1.5100
1.5308,1.5000,1.5103
1.5315,1.5000,1.5105
1.5322,1.5000,1.5108
1.5330,1.5000,1.5110
1.5337,1.5000,1.5112
1.5345,1.5000,1.5115
1.5353,1.5000,1.5117
1.5360,1.5000,1.5120
1.5368,1.5000,1.5123
1.5375,1.5000,1.5125
1.5382,1.5000,1.5128
1.5390,1.5000,1.5130
1.5397,1.5000,1.5132
1.5405,1.5000,1.5135
1.5413,1.5000,1.5137
1.5420,1.5000,1.5140
1.5428,1.5000,1.5143
1.5435,1.5000,1.5145
1.5442,1.5000,1.5148
1.5450,1.5000,1.5150
1.5457,1.5000,1.5152
1.5465,1.5000,1.5155
1.5473,1.5000,1.5157
1.5480,1.5000,1.5160
1.5488,1.5000,1.5163
1.5495,1.5000,1.5165
1.5502,1.5000,1.5168
1.5510,1.5000,1.5170
1.5517,1.5000,1.5172
1.5525,1.5000,1.5175
1.5533,1.5000,1.5177
1.5540,1.5000,1.5180
1.5548,1.5000,1.5183
1.5555,1.5000,1.5185
1.5562,1.5000,1.5188
1.5570,1.5000,1.5190
1.5577,1.5000,1.5192
1.5585,1.5000,1.5195
1.5593,1.5000,1.5197
1.5600,1.5000,1.5200
1.5608,1.5000,1.5203
1.5615,1.5000,1.5205
1.5622,1.5000,1.5208
1.5630,1.5000,1.5210
1.5637,1.5000,1.5212
1.5645,1.5000,1.5215
1.5653,1.5000,1.5217
1.5660,1.5000,1.5220
1.5668,1.5000,1.5223
1.5675,1.5000,1.5225
1.5682,1.5000,1.5228
1.5690,1.5000,1.5230
1.5697,1.5000,1.5232
1.5705,1.5000,1.5235
1.5713,1.5000,1.5237
1.5720,1.5000,1.5240
1.5728,1.5000,1.5243
1.5735,1.5000,1.5245
1.5742,1.5000,1.5248
1.5750,1.5000,1.5250
1.5757,1.5000,1.5252
1.5765,1.5000,1.5255
1.5773,1.5000,1.5257
1.5780,1.5000,1.5260
1.5788,1.5000,1.5263
1.5795,1.5000,1.5265
1.5802,1.5000,1.5268
1.5810,1.5000,1.5270
1.5817,1.5000,1.5272
1.5825,1.5000,1.5275
1.5833,1.5000,1.5277
1.5840,1.5000,1.5280
1.5848,1.5000,1.5283
1.5855,1.5000,1.5285
1.5862,1.5000,1.5288
1.5870,1.5000,1.5290
1.5877,1.5000,1.5292
1.5885,1.5000,1.5295
1.5893,1.5000,1.5297
1.5900,1.5000,1.5300
1.5907,1.5000,1.5303
1.5915,1.5000,1.5305
1.5922,1.5000,1.5308
1.5930,1.5000,1.5310
1.5938,1.5000,1.5312
1.5945,1.5000,1.5315
1.5953,1.5000,1.5317
1.5960,1.5000,1.5320
1.5967,1.5000,1.5323
1.5975,1.5000,1.5325
1.5982,1.5000,1.5328
1.5990,1.5000,1.5330
1.5998,1.5000,1.5333
1.6005,1.5000,1.5335
1.6013,1.5000,1.5337
1.6020,1.5000,1.5340
1.6027,1.5000,1.5343
1.6035,1.5000,1.5345
1.6042,1.5000,1.5348
1.6050,1.5000,1.5350
1.6058,1.5000,1.5353
1.6065,1.5000,1.5355
1.6073,1.5000,1.5357
1.6080,1.5000,1.5360
1.6087,1.5000,1.5363
1.6095,1.5000,1.5365
1.6102,1.5000,1.5368
1.6110,1.5000,1.5370
1.6118,1.5000,1.5373
1.6125,1.5000,1.5375
1.6133,1.5000,1.5377
1.6140,1.5000,1.5380
1.6147,1.5000,1.5383
1.6155,1.5000,1.5385
1.6162,1.5000,1.5388
1.6170,1.5000,1.5390
1.6178,1.5000,1.5393
1.6185,1.5000,1.5395
1.6193,1.5000,1.5397
1.6200,1.5000,1.5400
1.6207,1.5000,1.5403
1.6215,1.5000,1.5405
1.6222,1.5000,1.5408
1.6230,1.5000,1.5410
1.6238,1.5000,1.5413
1.6245,1.5000,1.5415
1.6253,1.5000,1.5417
1.6260,1.5000,1.5420
1.6267,1.5000,1.5423
1.6275,1.5000,1.5425
1.6282,1.5000,1.5428
1.6290,1.5000,1.5430
1.6298,1.5000,1.5433
1.6305,1.5000,1.5435
1.6313,1.5000,1.5437
1.6320,1.5000,1.5440
1.6327,1.5000,1.5443
1.6335,1.5000,1.5445
1.6342,1.5000,1.5448
1.6350,1.5000,1.5450
1.6358,1.5000,1.5453
1.6365,1.5000,1.5455
1.6373,1.5000,1.5457
1.6380,1.5000,1.5460
1.6387,1.5000,1.5463
1.6395,1.5000,1.5465
1.6402,1.5000,1.5468
1.6410,1.5000,1.5470
1.6418,1.5000,1.5473
1.6425,1.5000,1.5475
1.6433,1.5000,1.5477
1.6440,1.5000,1.5480
1.6447,1.5000,1.5483
1.6455,1.5000,1.5485
1.6462,1.5000,1.5488
1.6470,1.5000,1.5490
1.6478,1.5000,1.5493
1.6485,1.5000,1.5495
1.6492,1.5000,1.5497
1.6500,1.5000,1.5500
1.6507,1.5000,1.5503
1.6515,1.5000,1.5505
1.6522,1.5000,1.5508
1.6530,1.5000,1.5510
1.6538,1.5000,1.5513
1.6545,1.5000,1.5515
1.6552,1.5000,1.5517
1.6560,1.5000,1.5520
1.6567,1.5000,1.5523
1.6575,1.5000,1.5525
1.6583,1.5000,1.5528
1.6590,1.5000,1.5530
1.6598,1.5000,1.5533
1.6605,1.5000,1.5535
1.6612,1.5000,1.5537
1.6620,1.5000,1.5540
1.6627,1.5000,1.5543
1.6635,1.5000,1.5545
1.6643,1.5000,1.5548
1.6650,1.5000,1.5550
1.6658,1.5000,1.5553
1.6665,1.5000,1.5555
1.6672,1.5000,1.5557
1.6680,1.5000,1.5560
1.6687,1.5000,1.5563
1.6695,1.5000,1.5565
1.6703,1.5000,1.5568
1.6710,1.5000,1.5570
1.6718,1.5000,1.5573
1.6725,1.5000,1.5575
1.6732,1.5000,1.5577
1.6740,1.5000,1.5580
1.6747,1.5000,1.5583
1.6755,1.5000,1.5585
1.6763,1.5000,1.5588
1.6770,1.5000,1.5590
1.6778,1.5000,1.5593
1.6785,1.5000,1.5595
1.6792,1.5000,1.5597
1.6800,1.5000,1.5600
1.6807,1.5000,1.5603
1.6815,1.5000,1.5605
1.6823,1.5000,1.5608
1.6830,1.5000,1.5610
1.6838,1.5000,1.5613
1.6845,1.5000,1.5615
1.6852,1.5000,1.5617
1.6860,1.5000,1.5620
1.6867,1.5000,1.5623
1.6875,1.5000,1.5625
1.6883,1.5000,1.5628
1.6890,1.5000,1.5630
1.6898,1.5000,1.5633
1.6905,1.5000,1.5635
1.6912,1.5000,1.5637
1.6920,1.5000,1.5640
1.6927,1.5000,1.5642
1.6935,1.5000,1.5645
1.6943,1.5000,1.5648
1.6950,1.5000,1.5650
1.6958,1.5000,1.5653
1.6965,1.5000,1.5655
1.6972,1.5000,1.5657
1.6980,1.5000,1.5660
1.6987,1.5000,1.5663
1.6995,1.5000,1.5665
1.7003,1.5000,1.5668
1.7010,1.5000,1.5670
1.7018,1.5000,1.5673
1.7025,1.5000,1.5675
1.7032,1.5000,1.5677
1.7040,1.5000,1.5680
1.7047,1.5000,1.5682
1.7055,1.5000,1.5685
1.7063,1.5000,1.5688
1.7070,1.5000,1.5690
1.7077,1.5000,1.5693
1.7085,1.5000,1.5695
1.7092,1.5000,1.5697
1.7100,1.5000,1.5700
1.7107,1.5000,1.5703
1.7115,1.5000,1.5705
1.7123,1.5000,1.5708
1.7130,1.5000,1.5710
1.7138,1.5000,1.5713
1.7145,1.5000,1.5715
1.7152,1.5000,1.5717
1.7160,1.5000,1.5720
1.7167,1.5000,1.5722
1.7175,1.5000,1.5725
1.7183,1.5000,1.5728
1.7190,1.5000,1.5730
1.7197,1.5000,1.5733
1.7205,1.5000,1.5735
1.7212,1.5000,1.5737
1.7220,1.5000,1.5740
1.7228,1.5000,1.5743
1.7235,1.5000,1.5745
1.7243,1.5000,1.5748
1.7250,1.5000,1.5750
1.7258,1.5000,1.5753
1.7265,1.5000,1.5755
1.7272,1.5000,1.5757
1.7280,1.5000,1.5760
1.7288,1.5000,1.5762
1.7295,1.5000,1.5765
1.7303,1.5000,1.5768
1.7310,1.5000,1.5770
1.7317,1.5000,1.5773
1.7325,1.5000,1.5775
1.7332,1.5000,1.5777
1.7340,1.5000,1.5780
1.7348,1.5000,1.5782
1.7355,1.5000,1.5785
1.7363,1.5000,1.5788
1.7370,1.5000,1.5790
1.7378,1.5000,1.5793
1.7385,1.5000,1.5795
1.7392,1.5000,1.5797
1.7400,1.5000,1.5800
1.7408,1.5000,1.5802
1.7415,1.5000,1.5805
1.7423,1.5000,1.5808
1.7430,1.5000,1.5810
1.7437,1.5000,1.5813
1.7445,1.5000,1.5815
1.7452,1.5000,1.5817
1.7460,1.5000,1.5820
1.7468,1.5000,1.5823
1.7475,1.5000,1.5825
1.7483,1.5000,1.5828
1.7490,1.5000,1.5830
1.7497,1.5000,1.5833
1.7505,1.5000,1.5835
1.7512,1.5000,1.5837
1.7520,1.5000,1.5840
1.7528,1.5000,1.5842
1.7535,1.5000,1.5845
1.7542,1.5000,1.5848
1.7550,1.5000,1.5850
1.7557,1.5000,1.5853
1.7565,1.5000,1.5855
1.7572,1.5000,1.5857
1.7580,1.5000,1.5860
1.7588,1.5000,1.5862
1.7595,1.5000,1.5865
1.7603,1.5000,1.5868
1.7610,1.5000,1.5870
1.7617,1.5000,1.5873
1.7625,1.5000,1.5875
1.7632,1.5000,1.5877
1.7640,1.5000,1.5880
1.7648,1.5000,1.5882
1.7655,1.5000,1.5885
1.7662,1.5000,1.5888
1.7670,1.5000,1.5890
1.7677,1.5000,1.5893
1.7685,1.5000,1.5895
1.7692,1.5000,1.5897
1.7700,1.5000,1.5900
1.7708,1.5000,1.5902
1.7715,1.5000,1.5905
1.7723,1.5000,1.5908
1.7730,1.5000,1.5910
1.7737,1.5000,1.5913
1.7745,1.5000,1.5915
1.7752,1.5000,1.5917
1.7760,1.5000,1.5920
1.7768,1.5000,1.5922
1.7775,1.5000,1.5925
1.7782,1.5000,1.5928
1.7790,1.5000,1.5930
1.7797,1.5000,1.5933
1.7805,1.5000,1.5935
1.7812,1.5000,1.5938
1.7820,1.5000,1.5940
1.7828,1.5000,1.5942
1.7835,1.5000,1.5945
1.7842,1.5000,1.5948
1.7850,1.5000,1.5950
1.7857,1.5000,1.5953
1.7865,1.5000,1.5955
1.7873,1.5000,1.5958
1.7880,1.5000,1.5960
1.7888,1.5000,1.5963
1.7895,1.5000,1.5965
1.7902,1.5000,1.5968
1.7910,1.5000,1.5970
1.7917,1.5000,1.5973
1.7925,1.5000,1.5975
1.7933,1.5000,1.5978
1.7940,1.5000,1.5980
1.7948,1.5000,1.5983
1.7955,1.5000,1.5985
1.7962,1.5000,1.5988
1.7970,1.5000,1.5990
1.7977,1.5000,1.5993
1.7985,1.5000,1.5995
1.7993,1.5000,1.5998
1.8000,1.5000,1.6000
1.8007,1.5000,1.6002
1.8015,1.5000,1.6005
1.8022,1.5000,1.6008
1.8030,1.5000,1.6010
1.8037,1.5000,1.6013
1.8045,1.5000,1.6015
1.8053,1.5000,1.6018
1.8060,1.5000,1.6020
1.8068,1.5000,1.6023
1.8075,1.5000,1.6025
1.8082,1.5000,1.6028
1.8090,1.5000,1.6030
1.8097,1.5000,1.6033
1.8105,1.5000,1.6035
1.8113,1.5000,1.6038
1.8120,1.5000,1.6040
1.8127,1.5000,1.6042
1.8135,1.5000,1.6045
1.8142,1.5000,1.6048
1.8150,1.5000,1.6050
1.8157,1.5000,1.6053
1.8165,1.5000,1.6055
1.8173,1.5000,1.6058
1.8180,1.5000,1.6060
1.8188,1.5000,1.6063
1.8195,1.5000,1.6065
1.8202,1.5000,1.6068
1.8210,1.5000,1.6070
1.8217,1.5000,1.6073
1.8225,1.5000,1.6075
1.8232,1.5000,1.6078
1.8240,1.5000,1.6080
1.8247,1.5000,1.6082
1.8255,1.5000,1.6085
1.8262,1.5000,1.6088
1.8270,1.5000,1.6090
1.8277,1.5000,1.6093
1.8285,1.5000,1.6095
1.8293,1.5000,1.6098
1.8300,1.5000,1.6100
1.8308,1.5000,1.6103
1.8315,1.5000,1.6105
1.8322,1.5000,1.6108
1.8330,1.5000,1.6110
1.8337,1.5000,1.6113
1.8345,1.5000,1.6115
1.8352,1.5000,1.6118
1.8360,1.5000,1.6120
1.8367,1.5000,1.6122
1.8375,1.5000,1.6125
1.8382,1.5000,1.6128
1.8390,1.5000,1.6130
1.8397,1.5000,1.6133
1.8405,1.5000,1.6135
1.8413,1.5000,1.6138
1.8420,1.5000,1.6140
1.8428,1.5000,1.6142
1.8435,1.5000,1.6145
1.8442,1.5000,1.6148
1.8450,1.5000,1.6150
1.8458,1.5000,1.6153
1.8465,1.5000,1.6155
1.8472,1.5000,1.6158
1.8480,1.5000,1.6160
1.8487,1.5000,1.6162
1.8495,1.5000,1.6165
1.8502,1.5000,1.6168
1.8510,1.5000,1.6170
1.8518,1.5000,1.6173
1.8525,1.5000,1.6175
1.8533,1.5000,1.6178
1.8540,1.5000,1.6180
1.8548,1.5000,1.6182
1.8555,1.5000,1.6185
1.8562,1.5000,1.6188
1.8570,1.5000,1.6190
1.8578,1.5000,1.6193
1.8585,1.5000,1.6195
1.8592,1.5000,1.6198
1.8600,1.5000,1.6200
1.8607,1.5000,1.6202
1.8615,1.5000,1.6205
1.8622,1.5000,1.6208
1.8630,1.5000,1.6210
1.8638,1.5000,1.6213
1.8645,1.5000,1.6215
1.8653,1.5000,1.6218
1.8660,1.5000,1.6220
1.8668,1.5000,1.6222
1.8675,1.5000,1.6225
1.8682,1.5000,1.6228
1.8690,1.5000,1.6230
1.8698,1.5000,1.6233
1.8705,1.5000,1.6235
1.8712,1.5000,1.6238
1.8720,1.5000,1.6240
1.8727,1.5000,1.6242
1.8735,1.5000,1.6245
1.8742,1.5000,1.6248
1.8750,1.5000,1.6250
1.8758,1.5000,1.6253
1.8765,1.5000,1.6255
1.8773,1.5000,1.6258
1.8780,1.5000,1.6260
1.8788,1.5000,1.6262
1.8795,1.5000,1.6265
1.8802,1.5000,1.6268
1.8810,1.5000,1.6270
1.8818,1.5000,1.6273
1.8825,1.5000,1.6275
1.8832,1.5000,1.6278
1.8840,1.5000,1.6280
1.8847,1.5000,1.6282
1.8855,1.5000,1.6285
1.8862,1.5000,1.6288
1.8870,1.5000,1.6290
1.8878,1.5000,1.6293
1.8885,1.5000,1.6295
1.8893,1.5000,1.6298
1.8900,1.5000,1.6300
1.8907,1.5000,1.6302
1.8915,1.5000,1.6305
1.8922,1.5000,1.6308
1.8930,1.5000,1.6310
1.8938,1.5000,1.6313
1.8945,1.5000,1.6315
1.8952,1.5000,1.6318
1.8960,1.5000,1.6320
1.8967,1.5000,1.6322
1.8975,1.5000,1.6325
1.8982,1.5000,1.6328
1.8990,1.5000,1.6330
1.8998,1.5000,1.6333
1.9005,1.5000,1.6335
1.9013,1.5000,1.6338
1.9020,1.5000,1.6340
1.9027,1.5000,1.6342
1.9035,1.5000,1.6345
1.9042,1.5000,1.6348
1.9050,1.5000,1.6350
1.9058,1.5000,1.6353
1.9065,1.5000,1.6355
1.9072,1.5000,1.6358
1.9080,1.5000,1.6360
1.9087,1.5000,1.6362
1.9095,1.5000,1.6365
1.9103,1.5000,1.6368
1.9110,1.5000,1.6370
1.9118,1.5000,1.6373
1.9125,1.5000,1.6375
1.9133,1.5000,1.6378
1.9140,1.5000,1.6380
1.9147,1.5000,1.6382
1.9155,1.5000,1.6385
1.9163,1.5000,1.6388
1.9170,1.5000,1.6390
1.9178,1.5000,1.6393
1.9185,1.5000,1.6395
1.9192,1.5000,1.6398
1.9200,1.5000,1.6400
1.9207,1.5000,1.6402
1.9215,1.5000,1.6405
1.9223,1.5000,1.6408
1.9230,1.5000,1.6410
1.9238,1.5000,1.6413
1.9245,1.5000,1.6415
1.9252,1.5000,1.6418
1.9260,1.5000,1.6420
1.9267,1.5000,1.6422
1.9275,1.5000,1.6425
1.9283,1.5000,1.6428
1.9290,1.5000,1.6430
1.9298,1.5000,1.6433
1.9305,1.5000,1.6435
1.9312,1.5000,1.6438
1.9320,1.5000,1.6440
1.9327,1.5000,1.6442
1.9335,1.5000,1.6445
1.9343,1.5000,1.6448
1.9350,1.5000,1.6450
1.9358,1.5000,1.6453
1.9365,1.5000,1.6455
1.9372,1.5000,1.6458
1.9380,1.5000,1.6460
1.9387,1.5000,1.6462
1.9395,1.5000,1.6465
1.9403,1.5000,1.6468
1.9410,1.5000,1.6470
1.9417,1.5000,1.6473
1.9425,1.5000,1.6475
1.9432,1.5000,1.6478
1.9440,1.5000,1.6480
1.9447,1.5000,1.6482
1.9455,1.5000,1.6485
1.9463,1.5000,1.6488
1.9470,1.5000,1.6490
1.9478,1.5000,1.6493
1.9485,1.5000,1.6495
1.9492,1.5000,1.6498
1.9500,1.5000,1.6500
1.9507,1.5000,1.6502
1.9515,1.5000,1.6505
1.9522,1.5000,1.6508
1.9530,1.5000,1.6510
1.9538,1.5000,1.6513
1.9545,1.5000,1.6515
1.9552,1.5000,1.6518
1.9560,1.5000,1.6520
1.9567,1.5000,1.6522
1.9575,1.5000,1.6525
1.9583,1.5000,1.6528
1.9590,1.5000,1.6530
1.9598,1.5000,1.6533
1.9605,1.5000,1.6535
1.9612,1.5000,1.6538
1.9620,1.5000,1.6540
1.9627,1.5000,1.6542
1.9635,1.5000,1.6545
1.9643,1.5000,1.6547
1.9650,1.5000,1.6550
1.9657,1.5000,1.6553
1.9665,1.5000,1.6555
1.9672,1.5000,1.6558
1.9680,1.5000,1.6560
1.9688,1.5000,1.6562
1.9695,1.5000,1.6565
1.9703,1.5000,1.6568
1.9710,1.5000,1.6570
1.9718,1.5000,1.6573
1.9725,1.5000,1.6575
1.9732,1.5000,1.6578
1.9740,1.5000,1.6580
1.9748,1.5000,1.6583
1.9755,1.5000,1.6585
1.9762,1.5000,1.6587
1.9770,1.5000,1.6590
1.9777,1.5000,1.6593
1.9785,1.5000,1.6595
1.9792,1.5000,1.6598
1.9800,1.5000,1.6600
1.9808,1.5000,1.6603
1.9815,1.5000,1.6605
1.9823,1.5000,1.6608
1.9830,1.5000,1.6610
1.9838,1.5000,1.6613
1.9845,1.5000,1.6615
1.9852,1.5000,1.6618
1.9860,1.5000,1.6620
1.9868,1.5000,1.6623
1.9875,1.5000,1.6625
1.9883,1.5000,1.6628
1.9890,1.5000,1.6630
1.9897,1.5000,1.6633
1.9905,1.5000,1.6635
1.9912,1.5000,1.6638
1.9920,1.5000,1.6640
1.9928,1.5000,1.6643
1.9935,1.5000,1.6645
1.9943,1.5000,1.6648
1.9950,1.5000,1.6650
1.9957,1.5000,1.6653
1.9965,1.5000,1.6655
1.9972,1.5000,1.6658
1.9980,1.5000,1.6660
1.9988,1.5000,1.6663
1.9995,1.5000,1.6665
2.0002,1.5000,1.6668
2.0010,1.5000,1.6670
2.0017,1.5000,1.6673
2.0025,1.5000,1.6675
2.0032,1.5000,1.6678
2.0040,1.5000,1.6680
2.0048,1.5000,1.6683
2.0055,1.5000,1.6685
2.0063,1.5000,1.6688
2.0070,1.5000,1.6690
2.0078,1.5000,1.6693
2.0085,1.5000,1.6695
2.0092,1.5000,1.6698
2.0100,1.5000,1.6700
2.0107,1.5000,1.6703
2.0115,1.5000,1.6705
2.0122,1.5000,1.6707
2.0130,1.5000,1.6710
2.0137,1.5000,1.6713
2.0145,1.5000,1.6715
2.0152,1.5000,1.6718
2.0160,1.5000,1.6720
2.0168,1.5000,1.6723
2.0175,1.5000,1.6725
2.0183,1.5000,1.6728
2.0190,1.5000,1.6730
2.0198,1.5000,1.6733
2.0205,1.5000,1.6735
2.0213,1.5000,1.6738
2.0220,1.5000,1.6740
2.0227,1.5000,1.6743
2.0235,1.5000,1.6745
2.0242,1.5000,1.6747
2.0250,1.5000,1.6750
2.0257,1.5000,1.6753
2.0265,1.5000,1.6755
2.0272,1.5000,1.6758
2.0280,1.5000,1.6760
2.0288,1.5000,1.6763
2.0295,1.5000,1.6765
2.0302,1.5000,1.6768
2.0310,1.5000,1.6770
2.0318,1.5000,1.6773
2.0325,1.5000,1.6775
2.0332,1.5000,1.6778
2.0340,1.5000,1.6780
2.0347,1.5000,1.6783
2.0355,1.5000,1.6785
2.0362,1.5000,1.6787
2.0370,1.5000,1.6790
2.0377,1.5000,1.6793
2.0385,1.5000,1.6795
2.0393,1.5000,1.6798
2.0400,1.5000,1.6800
2.0408,1.5000,1.6803
2.0415,1.5000,1.6805
2.0423,1.5000,1.6808
2.0430,1.5000,1.6810
2.0438,1.5000,1.6813
2.0445,1.5000,1.6815
2.0453,1.5000,1.6818
2.0460,1.5000,1.6820
2.0467,1.5000,1.6823
2.0475,1.5000,1.6825
2.0482,1.5000,1.6827
2.0490,1.5000,1.6830
2.0497,1.5000,1.6833
2.0505,1.5000,1.6835
2.0513,1.5000,1.6838
2.0520,1.5000,1.6840
2.0528,1.5000,1.6843
2.0535,1.5000,1.6845
2.0542,1.5000,1.6847
2.0550,1.5000,1.6850
2.0558,1.5000,1.6853
2.0565,1.5000,1.6855
2.0572,1.5000,1.6858
2.0580,1.5000,1.6860
2.0587,1.5000,1.6863
2.0595,1.5000,1.6865
2.0602,1.5000,1.6867
2.0610,1.5000,1.6870
2.0617,1.5000,1.6873
2.0625,1.5000,1.6875
2.0633,1.5000,1.6878
2.0640,1.5000,1.6880
2.0648,1.5000,1.6883
2.0655,1.5000,1.6885
2.0663,1.5000,1.6888
2.0670,1.5000,1.6890
2.0678,1.5000,1.6893
2.0685,1.5000,1.6895
2.0692,1.5000,1.6898
2.0700,1.5000,1.6900
2.0707,1.5000,1.6903
2.0715,1.5000,1.6905
2.0722,1.5000,1.6907
2.0730,1.5000,1.6910
2.0737,1.5000,1.6913
2.0745,1.5000,1.6915
2.0753,1.5000,1.6918
2.0760,1.5000,1.6920
2.0768,1.5000,1.6923
2.0775,1.5000,1.6925
2.0782,1.5000,1.6928
2.0790,1.5000,1.6930
2.0797,1.5000,1.6933
2.0805,1.5000,1.6935
2.0812,1.5000,1.6938
2.0820,1.5000,1.6940
2.0827,1.5000,1.6943
2.0835,1.5000,1.6945
2.0842,1.5000,1.6948
2.0850,1.5000,1.6950
2.0857,1.5000,1.6953
2.0865,1.5000,1.6955
2.0873,1.5000,1.6958
2.0880,1.5000,1.6960
2.0888,1.5000,1.6963
2.0895,1.5000,1.6965
2.0903,1.5000,1.6968
2.0910,1.5000,1.6970
2.0918,1.5000,1.6973
2.0925,1.5000,1.6975
2.0933,1.5000,1.6978
2.0940,1.5000,1.6980
2.0947,1.5000,1.6983
2.0955,1.5000,1.6985
2.0962,1.5000,1.6988
2.0970,1.5000,1.6990
2.0978,1.5000,1.6993
2.0985,1.5000,1.6995
2.0993,1.5000,1.6998
2.1000,1.5000,1.7000
2.1008,1.5000,1.7003
2.1015,1.5000,1.7005
2.1022,1.5000,1.7008
2.1030,1.5000,1.7010
2.1037,1.5000,1.7013
2.1045,1.5000,1.7015
2.1052,1.5000,1.7018
2.1060,1.5000,1.7020
2.1067,1.5000,1.7023
2.1075,1.5000,1.7025
2.1082,1.5000,1.7028
2.1090,1.5000,1.7030
2.1098,1.5000,1.7033
2.1105,1.5000,1.7035
2.1113,1.5000,1.7038
2.1120,1.5000,1.7040
2.1128,1.5000,1.7043
2.1135,1.5000,1.7045
2.1143,1.5000,1.7048
2.1150,1.5000,1.7050
2.1158,1.5000,1.7053
2.1165,1.5000,1.7055
2.1173,1.5000,1.7058
2.1180,1.5000,1.7060
2.1187,1.5000,1.7063
2.1195,1.5000,1.7065
2.1202,1.5000,1.7068
2.1210,1.5000,1.7070
2.1218,1.5000,1.7073
2.1225,1.5000,1.7075
2.1233,1.5000,1.7078
2.1240,1.5000,1.7080
2.1247,1.5000,1.7083
2.1255,1.5000,1.7085
2.1262,1.5000,1.7088
2.1270,1.5000,1.7090
2.1277,1.5000,1.7093
2.1285,1.5000,1.7095
2.1292,1.5000,1.7098
2.1300,1.5000,1.7100
2.1307,1.5000,1.7103
2.1315,1.5000,1.7105
2.1322,1.5000,1.7108
2.1330,1.5000,1.7110
2.1338,1.5000,1.7113
2.1345,1.5000,1.7115
2.1353,1.5000,1.7118
2.1360,1.5000,1.7120
2.1368,1.5000,1.7123
2.1375,1.5000,1.7125
2.1383,1.5000,1.7128
2.1390,1.5000,1.7130
2.1397,1.5000,1.7133
2.1405,1.5000,1.7135
2.1413,1.5000,1.7138
2.1420,1.5000,1.7140
2.1427,1.5000,1.7143
2.1435,1.5000,1.7145
2.1442,1.5000,1.7148
2.1450,1.5000,1.7150
2.1458,1.5000,1.7153
2.1465,1.5000,1.7155
2.1473,1.5000,1.7158
2.1480,1.5000,1.7160
2.1487,1.5000,1.7163
2.1495,1.5000,1.7165
2.1502,1.5000,1.7168
2.1510,1.5000,1.7170
2.1517,1.5000,1.7173
2.1525,1.5000,1.7175
2.1532,1.5000,1.7178
2.1540,1.5000,1.7180
2.1547,1.5000,1.7183
2.1555,1.5000,1.7185
2.1562,1.5000,1.7188
2.1570,1.5000,1.7190
2.1578,1.5000,1.7193
2.1585,1.5000,1.7195
2.1593,1.5000,1.7198
2.1600,1.5000,1.7200
2.1608,1.5000,1.7203
2.1615,1.5000,1.7205
2.1623,1.5000,1.7208
2.1630,1.5000,1.7210
2.1637,1.5000,1.7213
2.1645,1.5000,1.7215
2.1652,1.5000,1.7218
2.1660,1.5000,1.7220
2.1667,1.5000,1.7223
2.1675,1.5000,1.7225
2.1683,1.5000,1.7228
2.1690,1.5000,1.7230
2.1698,1.5000,1.7233
2.1705,1.5000,1.7235
2.1713,1.5000,1.7238
2.1720,1.5000,1.7240
2.1727,1.5000,1.7243
2.1735,1.5000,1.7245
2.1742,1.5000,1.7248
2.1750,1.5000,1.7250
2.1757,1.5000,1.7253
2.1765,1.5000,1.7255
2.1772,1.5000,1.7258
2.1780,1.5000,1.7260
2.1787,1.5000,1.7263
2.1795,1.5000,1.7265
2.1803,1.5000,1.7268
2.1810,1.5000,1.7270
2.1818,1.5000,1.7273
2.1825,1.5000,1.7275
2.1833,1.5000,1.7278
2.1840,1.5000,1.7280
2.1847,1.5000,1.7283
2.1855,1.5000,1.7285
2.1863,1.5000,1.7288
2.1870,1.5000,1.7290
2.1877,1.5000,1.7293
2.1885,1.5000,1.7295
2.1892,1.5000,1.7298
2.1900,1.5000,1.7300
2.1907,1.5000,1.7303
2.1915,1.5000,1.7305
2.1923,1.5000,1.7308
2.1930,1.5000,1.7310
2.1938,1.5000,1.7313
2.1945,1.5000,1.7315
2.1953,1.5000,1.7318
2.1960,1.5000,1.7320
2.1967,1.5000,1.7323
2.1975,1.5000,1.7325
2.1982,1.5000,1.7328
2.1990,1.5000,1.7330
2.1997,1.5000,1.7333
2.2005,1.5000,1.7335
2.2012,1.5000,1.7338
2.2020,1.5000,1.7340
2.2027,1.5000,1.7343
2.2035,1.5000,1.7345
2.2043,1.5000,1.7348
2.2050,1.5000,1.7350
2.2058,1.5000,1.7353
2.2065,1.5000,1.7355
2.2073,1.5000,1.7358
2.2080,1.5000,1.7360
2.2087,1.5000,1.7363
2.2095,1.5000,1.7365
2.2102,1.5000,1.7368
2.2110,1.5000,1.7370
2.2117,1.5000,1.7373
2.2125,1.5000,1.7375
2.2132,1.5000,1.7378
2.2140,1.5000,1.7380
2.2147,1.5000,1.7383
2.2155,1.5000,1.7385
2.2163,1.5000,1.7388
2.2170,1.5000,1.7390
2.2178,1.5000,1.7393
2.2185,1.5000,1.7395
2.2193,1.5000,1.7398
2.2200,1.5000,1.7400
2.2207,1.5000,1.7403
2.2215,1.5000,1.7405
2.2222,1.5000,1.7408
2.2230,1.5000,1.7410
2.2237,1.5000,1.7413
2.2245,1.5000,1.7415
2.2252,1.5000,1.7418
2.2260,1.5000,1.7420
2.2268,1.5000,1.7423
2.2275,1.5000,1.7425
2.2283,1.5000,1.7428
2.2290,1.5000,1.7430
2.2298,1.5000,1.7433
2.2305,1.5000,1.7435
2.2313,1.5000,1.7438
2.2320,1.5000,1.7440
2.2327,1.5000,1.7443
2.2335,1.5000,1.7445
2.2342,1.5000,1.7448
2.2350,1.5000,1.7450
2.2357,1.5000,1.7453
2.2365,1.5000,1.7455
2.2372,1.5000,1.7458
2.2380,1.5000,1.7460
2.2388,1.5000,1.7463
2.2395,1.5000,1.7465
2.2403,1.5000,1.7468
2.2410,1.5000,1.7470
2.2418,1.5000,1.7473
2.2425,1.5000,1.7475
2.2433,1.5000,1.7478
2.2440,1.5000,1.7480
2.2447,1.5000,1.7483
2.2455,1.5000,1.7485
2.2462,1.5000,1.7488
2.2470,1.5000,1.7490
2.2477,1.5000,1.7493
2.2485,1.5000,1.7495
2.2492,1.5000,1.7498
2.2500,1.5000,1.7500
2.2508,1.5000,1.7503
2.2515,1.5000,1.7505
2.2523,1.5000,1.7508
2.2530,1.5000,1.7510
2.2538,1.5000,1.7513
2.2545,1.5000,1.7515
2.2553,1.5000,1.7518
2.2560,1.5000,1.7520
2.2567,1.5000,1.7523
2.2575,1.5000,1.7525
2.2582,1.5000,1.7528
2.2590,1.5000,1.7530
2.2597,1.5000,1.7533
2.2605,1.5000,1.7535
2.2612,1.5000,1.7538
2.2620,1.5000,1.7540
2.2628,1.5000,1.7543
2.2635,1.5000,1.7545
2.2643,1.5000,1.7548
2.2650,1.5000,1.7550
2.2658,1.5000,1.7553
2.2665,1.5000,1.7555
2.2672,1.5000,1.7558
2.2680,1.5000,1.7560
2.2687,1.5000,1.7563
2.2695,1.5000,1.7565
2.2702,1.5000,1.7568
2.2710,1.5000,1.7570
2.2717,1.5000,1.7573
2.2725,1.5000,1.7575
2.2732,1.5000,1.7578
2.2740,1.5000,1.7580
2.2748,1.5000,1.7583
2.2755,1.5000,1.7585
2.2763,1.5000,1.7588
2.2770,1.5000,1.7590
2.2778,1.5000,1.7593
2.2785,1.5000,1.7595
2.2793,1.5000,1.7598
2.2800,1.5000,1.7600
2.2807,1.5000,1.7603
2.2815,1.5000,1.7605
2.2822,1.5000,1.7608
2.2830,1.5000,1.7610
2.2837,1.5000,1.7613
2.2845,1.5000,1.7615
2.2853,1.5000,1.7618
2.2860,1.5000,1.7620
2.2868,1.5000,1.7623
2.2875,1.5000,1.7625
2.2883,1.5000,1.7628
2.2890,1.5000,1.7630
2.2897,1.5000,1.7633
2.2905,1.5000,1.7635
2.2912,1.5000,1.7638
2.2920,1.5000,1.7640
2.2927,1.5000,1.7643
2.2935,1.5000,1.7645
2.2942,1.5000,1.7648
2.2950,1.5000,1.7650
2.2957,1.5000,1.7653
2.2965,1.5000,1.7655
2.2973,1.5000,1.7658
2.2980,1.5000,1.7660
2.2988,1.5000,1.7663
2.2995,1.5000,1.7665
2.3003,1.5000,1.7668
2.3010,1.5000,1.7670
2.3018,1.5000,1.7673
2.3025,1.5000,1.7675
2.3033,1.5000,1.7678
2.3040,1.5000,1.7680
2.3047,1.5000,1.7683
2.3055,1.5000,1.7685
2.3062,1.5000,1.7688
2.3070,1.5000,1.7690
2.3077,1.5000,1.7693
2.3085,1.5000,1.7695
2.3093,1.5000,1.7698
2.3100,1.5000,1.7700
2.3107,1.5000,1.7703
2.3115,1.5000,1.7705
2.3122,1.5000,1.7708
2.3130,1.5000,1.7710
2.3137,1.5000,1.7713
2.3145,1.5000,1.7715
2.3152,1.5000,1.7718
2.3160,1.5000,1.7720
2.3167,1.5000,1.7723
2.3175,1.5000,1.7725
2.3182,1.5000,1.7728
2.3190,1.5000,1.7730
2.3197,1.5000,1.7732
2.3205,1.5000,1.7735
2.3213,1.5000,1.7738
2.3220,1.5000,1.7740
2.3228,1.5000,1.7743
2.3235,1.5000,1.7745
2.3243,1.5000,1.7748
2.3250,1.5000,1.7750
2.3258,1.5000,1.7753
2.3265,1.5000,1.7755
2.3273,1.5000,1.7758
2.3280,1.5000,1.7760
2.3287,1.5000,1.7763
2.3295,1.5000,1.7765
2.3302,1.5000,1.7768
2.3310,1.5000,1.7770
2.3317,1.5000,1.7772
2.3325,1.5000,1.7775
2.3333,1.5000,1.7778
2.3340,1.5000,1.7780
2.3347,1.5000,1.7783
2.3355,1.5000,1.7785
2.3362,1.5000,1.7788
2.3370,1.5000,1.7790
2.3377,1.5000,1.7793
2.3385,1.5000,1.7795
2.3392,1.5000,1.7798
2.3400,1.5000,1.7800
2.3407,1.5000,1.7803
2.3415,1.5000,1.7805
2.3422,1.5000,1.7808
2.3430,1.5000,1.7810
2.3438,1.5000,1.7812
2.3445,1.5000,1.7815
2.3453,1.5000,1.7818
2.3460,1.5000,1.7820
2.3468,1.5000,1.7823
2.3475,1.5000,1.7825
2.3483,1.5000,1.7828
2.3490,1.5000,1.7830
2.3498,1.5000,1.7833
2.3505,1.5000,1.7835
2.3513,1.5000,1.7838
2.3520,1.5000,1.7840
2.3527,1.5000,1.7843
2.3535,1.5000,1.7845
2.3542,1.5000,1.7848
2.3550,1.5000,1.7850
2.3558,1.5000,1.7853
2.3565,1.5000,1.7855
2.3573,1.5000,1.7858
2.3580,1.5000,1.7860
2.3587,1.5000,1.7863
2.3595,1.5000,1.7865
2.3602,1.5000,1.7868
2.3610,1.5000,1.7870
2.3617,1.5000,1.7873
2.3625,1.5000,1.7875
2.3632,1.5000,1.7878
2.3640,1.5000,1.7880
2.3647,1.5000,1.7883
2.3655,1.5000,1.7885
2.3662,1.5000,1.7888
2.3670,1.5000,1.7890
2.3678,1.5000,1.7893
2.3685,1.5000,1.7895
2.3693,1.5000,1.7898
2.3700,1.5000,1.7900
2.3708,1.5000,1.7903
2.3715,1.5000,1.7905
2.3723,1.5000,1.7908
2.3730,1.5000,1.7910
2.3737,1.5000,1.7913
2.3745,1.5000,1.7915
2.3752,1.5000,1.7918
2.3760,1.5000,1.7920
2.3767,1.5000,1.7923
2.3775,1.5000,1.7925
2.3782,1.5000,1.7928
2.3790,1.5000,1.7930
2.3798,1.5000,1.7933
2.3805,1.5000,1.7935
2.3813,1.5000,1.7938
2.3820,1.5000,1.7940
2.3827,1.5000,1.7943
2.3835,1.5000,1.7945
2.3842,1.5000,1.7948
2.3850,1.5000,1.7950
2.3857,1.5000,1.7953
2.3865,1.5000,1.7955
2.3872,1.5000,1.7958
2.3880,1.5000,1.7960
2.3887,1.5000,1.7963
2.3895,1.5000,1.7965
2.3902,1.5000,1.7968
2.3910,1.5000,1.7970
2.3918,1.5000,1.7973
2.3925,1.5000,1.7975
2.3933,1.5000,1.7978
2.3940,1.5000,1.7980
2.3947,1.5000,1.7983
2.3955,1.5000,1.7985
2.3963,1.5000,1.7988
2.3970,1.5000,1.7990
2.3978,1.5000,1.7993
2.3985,1.5000,1.7995
2.3992,1.5000,1.7998
2.4000,1.5000,1.8000
2.4007,1.5000,1.8003
2.4015,1.5000,1.8005
2.4022,1.5000,1.8008
2.4030,1.5000,1.8010
2.4038,1.5000,1.8013
2.4045,1.5000,1.8015
2.4053,1.5000,1.8018
2.4060,1.5000,1.8020
2.4067,1.5000,1.8023
2.4075,1.5000,1.8025
2.4082,1.5000,1.8028
2.4090,1.5000,1.8030
2.4097,1.5000,1.8033
2.4105,1.5000,1.8035
2.4112,1.5000,1.8038
2.4120,1.5000,1.8040
2.4127,1.5000,1.8043
2.4135,1.5000,1.8045
2.4143,1.5000,1.8048
2.4150,1.5000,1.8050
2.4158,1.5000,1.8053
2.4165,1.5000,1.8055
2.4173,1.5000,1.8058
2.4180,1.5000,1.8060
2.4188,1.5000,1.8063
2.4195,1.5000,1.8065
2.4202,1.5000,1.8068
2.4210,1.5000,1.8070
2.4217,1.5000,1.8073
2.4225,1.5000,1.8075
2.4232,1.5000,1.8078
2.4240,1.5000,1.8080
2.4247,1.5000,1.8083
2.4255,1.5000,1.8085
2.4263,1.5000,1.8088
2.4270,1.5000,1.8090
2.4278,1.5000,1.8093
2.4285,1.5000,1.8095
2.4293,1.5000,1.8098
2.4300,1.5000,1.8100
2.4307,1.5000,1.8103
2.4315,1.5000,1.8105
2.4322,1.5000,1.8108
2.4330,1.5000,1.8110
2.4337,1.5000,1.8113
2.4345,1.5000,1.8115
2.4352,1.5000,1.8118
2.4360,1.5000,1.8120
2.4367,1.5000,1.8123
2.4375,1.5000,1.8125
2.4383,1.5000,1.8128
2.4390,1.5000,1.8130
2.4398,1.5000,1.8133
2.4405,1.5000,1.8135
2.4413,1.5000,1.8138
2.4420,1.5000,1.8140
2.4427,1.5000,1.8143
2.4435,1.5000,1.8145
2.4442,1.5000,1.8148
2.4450,1.5000,1.8150
2.4458,1.5000,1.8153
2.4465,1.5000,1.8155
2.4472,1.5000,1.8158
2.4480,1.5000,1.8160
2.4487,1.5000,1.8163
2.4495,1.5000,1.8165
2.4503,1.5000,1.8168
2.4510,1.5000,1.8170
2.4517,1.5000,1.8173
2.4525,1.5000,1.8175
2.4533,1.5000,1.8178
2.4540,1.5000,1.8180
2.4547,1.5000,1.8183
2.4555,1.5000,1.8185
2.4562,1.5000,1.8188
2.4570,1.5000,1.8190
2.4577,1.5000,1.8193
2.4585,1.5000,1.8195
2.4592,1.5000,1.8198
2.4600,1.5000,1.8200
2.4607,1.5000,1.8203
2.4615,1.5000,1.8205
2.4623,1.5000,1.8208
2.4630,1.5000,1.8210
2.4638,1.5000,1.8213
2.4645,1.5000,1.8215
2.4653,1.5000,1.8218
2.4660,1.5000,1.8220
2.4668,1.5000,1.8223
2.4675,1.5000,1.8225
2.4682,1.5000,1.8228
2.4690,1.5000,1.8230
2.4697,1.5000,1.8233
2.4705,1.5000,1.8235
2.4712,1.5000,1.8238
2.4720,1.5000,1.8240
2.4728,1.5000,1.8243
2.4735,1.5000,1.8245
2.4743,1.5000,1.8248
2.4750,1.5000,1.8250
2.4758,1.5000,1.8253
2.4765,1.5000,1.8255
2.4773,1.5000,1.8258
2.4780,1.5000,1.8260
2.4787,1.5000,1.8263
2.4795,1.5000,1.8265
2.4802,1.5000,1.8268
2.4810,1.5000,1.8270
2.4817,1.5000,1.8273
2.4825,1.5000,1.8275
2.4832,1.5000,1.8278
2.4840,1.5000,1.8280
2.4848,1.5000,1.8283
2.4855,1.5000,1.8285
2.4863,1.5000,1.8288
2.4870,1.5000,1.8290
2.4878,1.5000,1.8293
2.4885,1.5000,1.8295
2.4893,1.5000,1.8298
2.4900,1.5000,1.8300
2.4907,1.5000,1.8303
2.4915,1.5000,1.8305
2.4922,1.5000,1.8308
2.4930,1.5000,1.8310
2.4937,1.5000,1.8313
2.4945,1.5000,1.8315
2.4952,1.5000,1.8318
2.4960,1.5000,1.8320
2.4968,1.5000,1.8323
2.4975,1.5000,1.8325
2.4983,1.5000,1.8328
2.4990,1.5000,1.8330
2.4997,1.5000,1.8333
2.5005,1.5000,1.8335
2.5012,1.5000,1.8338
2.5020,1.5000,1.8340
2.5027,1.5000,1.8343
2.5035,1.5000,1.8345
2.5042,1.5000,1.8348
2.5050,1.5000,1.8350
2.5057,1.5000,1.8353
2.5065,1.5000,1.8355
2.5072,1.5000,1.8358
2.5080,1.5000,1.8360
2.5088,1.5000,1.8363
2.5095,1.5000,1.8365
2.5103,1.5000,1.8368
2.5110,1.5000,1.8370
2.5118,1.5000,1.8373
2.5125,1.5000,1.8375
2.5133,1.5000,1.8378
2.5140,1.5000,1.8380
2.5147,1.5000,1.8383
2.5155,1.5000,1.8385
2.5163,1.5000,1.8388
2.5170,1.5000,1.8390
2.5177,1.5000,1.8393
2.5185,1.5000,1.8395
2.5192,1.5000,1.8398
2.5200,1.5000,1.8400
2.5207,1.5000,1.8403
2.5215,1.5000,1.8405
2.5222,1.5000,1.8408
2.5230,1.5000,1.8410
2.5238,1.5000,1.8413
2.5245,1.5000,1.8415
2.5252,1.5000,1.8418
2.5260,1.5000,1.8420
2.5267,1.5000,1.8423
2.5275,1.5000,1.8425
2.5282,1.5000,1.8428
2.5290,1.5000,1.8430
2.5297,1.5000,1.8433
2.5305,1.5000,1.8435
2.5312,1.5000,1.8438
2.5320,1.5000,1.8440
2.5328,1.5000,1.8443
2.5335,1.5000,1.8445
2.5343,1.5000,1.8448
2.5350,1.5000,1.8450
2.5358,1.5000,1.8453
2.5365,1.5000,1.8455
2.5373,1.5000,1.8458
2.5380,1.5000,1.8460
2.5387,1.5000,1.8463
2.5395,1.5000,1.8465
2.5402,1.5000,1.8468
2.5410,1.5000,1.8470
2.5417,1.5000,1.8473
2.5425,1.5000,1.8475
2.5433,1.5000,1.8478
2.5440,1.5000,1.8480
2.5448,1.5000,1.8483
2.5455,1.5000,1.8485
2.5462,1.5000,1.8488
2.5470,1.5000,1.8490
2.5477,1.5000,1.8493
2.5485,1.5000,1.8495
2.5492,1.5000,1.8498
2.5500,1.5000,1.8500
2.5507,1.5000,1.8503
2.5515,1.5000,1.8505
2.5522,1.5000,1.8508
2.5530,1.5000,1.8510
2.5537,1.5000,1.8513
2.5545,1.5000,1.8515
2.5553,1.5000,1.8518
2.5560,1.5000,1.8520
2.5568,1.5000,1.8523
2.5575,1.5000,1.8525
2.5583,1.5000,1.8528
2.5590,1.5000,1.8530
2.5598,1.5000,1.8533
2.5605,1.5000,1.8535
2.5613,1.5000,1.8538
2.5620,1.5000,1.8540
2.5627,1.5000,1.8543
2.5635,1.5000,1.8545
2.5642,1.5000,1.8548
2.5650,1.5000,1.8550
2.5657,1.5000,1.8553
2.5665,1.5000,1.8555
2.5673,1.5000,1.8558
2.5680,1.5000,1.8560
2.5687,1.5000,1.8563
2.5695,1.5000,1.8565
2.5702,1.5000,1.8568
2.5710,1.5000,1.8570
2.5717,1.5000,1.8573
2.5725,1.5000,1.8575
2.5732,1.5000,1.8578
2.5740,1.5000,1.8580
2.5747,1.5000,1.8583
2.5755,1.5000,1.8585
2.5762,1.5000,1.8588
2.5770,1.5000,1.8590
2.5777,1.5000,1.8593
2.5785,1.5000,1.8595
2.5793,1.5000,1.8598
2.5800,1.5000,1.8600
2.5808,1.5000,1.8603
2.5815,1.5000,1.8605
2.5823,1.5000,1.8608
2.5830,1.5000,1.8610
2.5838,1.5000,1.8613
2.5845,1.5000,1.8615
2.5853,1.5000,1.8618
2.5860,1.5000,1.8620
2.5867,1.5000,1.8623
2.5875,1.5000,1.8625
2.5882,1.5000,1.8628
2.5890,1.5000,1.8630
2.5897,1.5000,1.8633
2.5905,1.5000,1.8635
2.5913,1.5000,1.8638
2.5920,1.5000,1.8640
2.5928,1.5000,1.8643
2.5935,1.5000,1.8645
2.5942,1.5000,1.8648
2.5950,1.5000,1.8650
2.5957,1.5000,1.8653
2.5965,1.5000,1.8655
2.5972,1.5000,1.8658
2.5980,1.5000,1.8660
2.5987,1.5000,1.8663
2.5995,1.5000,1.8665
2.6002,1.5000,1.8668
2.6010,1.5000,1.8670
2.6018,1.5000,1.8673
2.6025,1.5000,1.8675
2.6033,1.5000,1.8678
2.6040,1.5000,1.8680
2.6048,1.5000,1.8683
2.6055,1.5000,1.8685
2.6063,1.5000,1.8688
2.6070,1.5000,1.8690
2.6078,1.5000,1.8693
2.6085,1.5000,1.8695
2.6093,1.5000,1.8698
2.6100,1.5000,1.8700
2.6107,1.5000,1.8703
2.6115,1.5000,1.8705
2.6122,1.5000,1.8708
2.6130,1.5000,1.8710
2.6138,1.5000,1.8713
2.6145,1.5000,1.8715
2.6152,1.5000,1.8718
2.6160,1.5000,1.8720
2.6167,1.5000,1.8723
2.6175,1.5000,1.8725
2.6182,1.5000,1.8728
2.6190,1.5000,1.8730
2.6197,1.5000,1.8733
2.6205,1.5000,1.8735
2.6212,1.5000,1.8738
2.6220,1.5000,1.8740
2.6227,1.5000,1.8743
2.6235,1.5000,1.8745
2.6242,1.5000,1.8748
2.6250,1.5000,1.8750
2.6258,1.5000,1.8753
2.6265,1.5000,1.8755
2.6273,1.5000,1.8758
2.6280,1.5000,1.8760
2.6288,1.5000,1.8763
2.6295,1.5000,1.8765
2.6303,1.5000,1.8768
2.6310,1.5000,1.8770
2.6318,1.5000,1.8773
2.6325,1.5000,1.8775
2.6333,1.5000,1.8778
2.6340,1.5000,1.8780
2.6347,1.5000,1.8783
2.6355,1.5000,1.8785
2.6362,1.5000,1.8788
2.6370,1.5000,1.8790
2.6378,1.5000,1.8793
2.6385,1.5000,1.8795
2.6393,1.5000,1.8798
2.6400,1.5000,1.8800
2.6407,1.5000,1.8803
2.6415,1.5000,1.8805
2.6422,1.5000,1.8808
2.6430,1.5000,1.8810
2.6437,1.5000,1.8813
2.6445,1.5000,1.8815
2.6452,1.5000,1.8818
2.6460,1.5000,1.8820
2.6467,1.5000,1.8823
2.6475,1.5000,1.8825
2.6482,1.5000,1.8828
2.6490,1.5000,1.8830
2.6498,1.5000,1.8833
2.6505,1.5000,1.8835
2.6513,1.5000,1.8838
2.6520,1.5000,1.8840
2.6528,1.5000,1.8843
2.6535,1.5000,1.8845
2.6543,1.5000,1.8848
2.6550,1.5000,1.8850
2.6557,1.5000,1.8853
2.6565,1.5000,1.8855
2.6572,1.5000,1.8858
2.6580,1.5000,1.8860
2.6587,1.5000,1.8863
2.6595,1.5000,1.8865
2.6603,1.5000,1.8868
2.6610,1.5000,1.8870
2.6617,1.5000,1.8873
2.6625,1.5000,1.8875
2.6632,1.5000,1.8878
2.6640,1.5000,1.8880
2.6647,1.5000,1.8883
2.6655,1.5000,1.8885
2.6662,1.5000,1.8888
2.6670,1.5000,1.8890
2.6677,1.5000,1.8893
2.6685,1.5000,1.8895
2.6692,1.5000,1.8898
2.6700,1.5000,1.8900
2.6707,1.5000,1.8903
2.6715,1.5000,1.8905
2.6723,1.5000,1.8908
2.6730,1.5000,1.8910
2.6738,1.5000,1.8913
2.6745,1.5000,1.8915
2.6753,1.5000,1.8918
2.6760,1.5000,1.8920
2.6767,1.5000,1.8923
2.6775,1.5000,1.8925
2.6783,1.5000,1.8928
2.6790,1.5000,1.8930
2.6798,1.5000,1.8933
2.6805,1.5000,1.8935
2.6813,1.5000,1.8938
2.6820,1.5000,1.8940
2.6827,1.5000,1.8943
2.6835,1.5000,1.8945
2.6842,1.5000,1.8948
2.6850,1.5000,1.8950
2.6857,1.5000,1.8953
2.6865,1.5000,1.8955
2.6873,1.5000,1.8958
2.6880,1.5000,1.8960
2.6887,1.5000,1.8963
2.6895,1.5000,1.8965
2.6902,1.5000,1.8968
2.6910,1.5000,1.8970
2.6917,1.5000,1.8973
2.6925,1.5000,1.8975
2.6932,1.5000,1.8978
2.6940,1.5000,1.8980
2.6947,1.5000,1.8983
2.6955,1.5000,1.8985
2.6963,1.5000,1.8988
2.6970,1.5000,1.8990
2.6978,1.5000,1.8993
2.6985,1.5000,1.8995
2.6993,1.5000,1.8998
2.7000,1.5000,1.9000
2.7008,1.5000,1.9003
2.7015,1.5000,1.9005
2.7023,1.5000,1.9008
2.7030,1.5000,1.9010
2.7037,1.5000,1.9013
2.7045,1.5000,1.9015
2.7052,1.5000,1.9018
2.7060,1.5000,1.9020
2.7067,1.5000,1.9023
2.7075,1.5000,1.9025
2.7083,1.5000,1.9028
2.7090,1.5000,1.9030
2.7097,1.5000,1.9033
2.7105,1.5000,1.9035
2.7112,1.5000,1.9038
2.7120,1.5000,1.9040
2.7127,1.5000,1.9043
2.7135,1.5000,1.9045
2.7142,1.5000,1.9048
2.7150,1.5000,1.9050
2.7157,1.5000,1.9053
2.7165,1.5000,1.9055
2.7172,1.5000,1.9058
2.7180,1.5000,1.9060
2.7188,1.5000,1.9063
2.7195,1.5000,1.9065
2.7203,1.5000,1.9068
2.7210,1.5000,1.9070
2.7218,1.5000,1.9073
2.7225,1.5000,1.9075
2.7233,1.5000,1.9078
2.7240,1.5000,1.9080
2.7247,1.5000,1.9083
2.7255,1.5000,1.9085
2.7263,1.5000,1.9088
2.7270,1.5000,1.9090
2.7278,1.5000,1.9093
2.7285,1.5000,1.9095
2.7292,1.5000,1.9098
2.7300,1.5000,1.9100
2.7308,1.5000,1.9103
2.7315,1.5000,1.9105
2.7322,1.5000,1.9108
2.7330,1.5000,1.9110
2.7337,1.5000,1.9113
2.7345,1.5000,1.9115
2.7353,1.5000,1.9118
2.7360,1.5000,1.9120
2.7367,1.5000,1.9123
2.7375,1.5000,1.9125
2.7382,1.5000,1.9128
2.7390,1.5000,1.9130
2.7397,1.5000,1.9133
2.7405,1.5000,1.9135
2.7412,1.5000,1.9138
2.7420,1.5000,1.9140
2.7428,1.5000,1.9143
2.7435,1.5000,1.9145
2.7443,1.5000,1.9148
2.7450,1.5000,1.9150
2.7457,1.5000,1.9153
2.7465,1.5000,1.9155
2.7473,1.5000,1.9158
2.7480,1.5000,1.9160
2.7488,1.5000,1.9163
2.7495,1.5000,1.9165
2.7503,1.5000,1.9168
2.7510,1.5000,1.9170
2.7517,1.5000,1.9173
2.7525,1.5000,1.9175
2.7532,1.5000,1.9178
2.7540,1.5000,1.9180
2.7548,1.5000,1.9183
2.7555,1.5000,1.9185
2.7563,1.5000,1.9188
2.7570,1.5000,1.9190
2.7577,1.5000,1.9193
2.7585,1.5000,1.9195
2.7592,1.5000,1.9198
2.7600,1.5000,1.9200
2.7607,1.5000,1.9203
2.7615,1.5000,1.9205
2.7622,1.5000,1.9208
2.7630,1.5000,1.9210
2.7637,1.5000,1.9213
2.7645,1.5000,1.9215
2.7652,1.5000,1.9218
2.7660,1.5000,1.9220
2.7668,1.5000,1.9223
2.7675,1.5000,1.9225
2.7683,1.5000,1.9228
2.7690,1.5000,1.9230
2.7698,1.5000,1.9233
2.7705,1.5000,1.9235
2.7713,1.5000,1.9238
2.7720,1.5000,1.9240
2.7727,1.5000,1.9243
2.7735,1.5000,1.9245
2.7743,1.5000,1.9248
2.7750,1.5000,1.9250
2.7757,1.5000,1.9253
2.7765,1.5000,1.9255
2.7772,1.5000,1.9258
2.7780,1.5000,1.9260
2.7788,1.5000,1.9263
2.7795,1.5000,1.9265
2.7802,1.5000,1.9268
2.7810,1.5000,1.9270
2.7817,1.5000,1.9273
2.7825,1.5000,1.9275
2.7832,1.5000,1.9278
2.7840,1.5000,1.9280
2.7847,1.5000,1.9283
2.7855,1.5000,1.9285
2.7862,1.5000,1.9288
2.7870,1.5000,1.9290
2.7877,1.5000,1.9293
2.7885,1.5000,1.9295
2.7893,1.5000,1.9298
2.7900,1.5000,1.9300
2.7908,1.5000,1.9303
2.7915,1.5000,1.9305
2.7923,1.5000,1.9308
2.7930,1.5000,1.9310
2.7937,1.5000,1.9313
2.7945,1.5000,1.9315
2.7953,1.5000,1.9318
2.7960,1.5000,1.9320
2.7967,1.5000,1.9323
2.7975,1.5000,1.9325
2.7983,1.5000,1.9328
2.7990,1.5000,1.9330
2.7997,1.5000,1.9333
2.8005,1.5000,1.9335
2.8012,1.5000,1.9338
2.8020,1.5000,1.9340
2.8028,1.5000,1.9343
2.8035,1.5000,1.9345
2.8042,1.5000,1.9348
2.8050,1.5000,1.9350
2.8057,1.5000,1.9353
2.8065,1.5000,1.9355
2.8072,1.5000,1.9358
2.8080,1.5000,1.9360
2.8087,1.5000,1.9363
2.8095,1.5000,1.9365
2.8102,1.5000,1.9368
2.8110,1.5000,1.9370
2.8117,1.5000,1.9373
2.8125,1.5000,1.9375
2.8133,1.5000,1.9378
2.8140,1.5000,1.9380
2.8148,1.5000,1.9383
2.8155,1.5000,1.9385
2.8163,1.5000,1.9388
2.8170,1.5000,1.9390
2.8178,1.5000,1.9393
2.8185,1.5000,1.9395
2.8193,1.5000,1.9398
2.8200,1.5000,1.9400
2.8207,1.5000,1.9403
2.8215,1.5000,1.9405
2.8223,1.5000,1.9408
2.8230,1.5000,1.9410
2.8237,1.5000,1.9413
2.8245,1.5000,1.9415
2.8253,1.5000,1.9418
2.8260,1.5000,1.9420
2.8267,1.5000,1.9423
2.8275,1.5000,1.9425
2.8282,1.5000,1.9428
2.8290,1.5000,1.9430
2.8297,1.5000,1.9433
2.8305,1.5000,1.9435
2.8312,1.5000,1.9438
2.8320,1.5000,1.9440
2.8327,1.5000,1.9443
2.8335,1.5000,1.9445
2.8342,1.5000,1.9448
2.8350,1.5000,1.9450
2.8357,1.5000,1.9453
2.8365,1.5000,1.9455
2.8373,1.5000,1.9458
2.8380,1.5000,1.9460
2.8388,1.5000,1.9463
2.8395,1.5000,1.9465
2.8403,1.5000,1.9468
2.8410,1.5000,1.9470
2.8417,1.5000,1.9473
2.8425,1.5000,1.9475
2.8433,1.5000,1.9478
2.8440,1.5000,1.9480
2.8447,1.5000,1.9483
2.8455,1.5000,1.9485
2.8462,1.5000,1.9488
2.8470,1.5000,1.9490
2.8478,1.5000,1.9493
2.8485,1.5000,1.9495
2.8492,1.5000,1.9498
2.8500,1.5000,1.9500
2.8508,1.5000,1.9503
2.8515,1.5000,1.9505
2.8522,1.5000,1.9508
2.8530,1.5000,1.9510
2.8537,1.5000,1.9513
2.8545,1.5000,1.9515
2.8552,1.5000,1.9518
2.8560,1.5000,1.9520
2.8567,1.5000,1.9523
2.8575,1.5000,1.9525
2.8582,1.5000,1.9528
2.8590,1.5000,1.9530
2.8598,1.5000,1.9533
2.8605,1.5000,1.9535
2.8613,1.5000,1.9538
2.8620,1.5000,1.9540
2.8628,1.5000,1.9543
2.8635,1.5000,1.9545
2.8643,1.5000,1.9548
2.8650,1.5000,1.9550
2.8657,1.5000,1.9553
2.8665,1.5000,1.9555
2.8672,1.5000,1.9558
2.8680,1.5000,1.9560
2.8687,1.5000,1.9563
2.8695,1.5000,1.9565
2.8702,1.5000,1.9568
2.8710,1.5000,1.9570
2.8718,1.5000,1.9573
2.8725,1.5000,1.9575
2.8732,1.5000,1.9578
2.8740,1.5000,1.9580
2.8747,1.5000,1.9583
2.8755,1.5000,1.9585
2.8762,1.5000,1.9588
2.8770,1.5000,1.9590
2.8777,1.5000,1.9593
2.8785,1.5000,1.9595
2.8792,1.5000,1.9598
2.8800,1.5000,1.9600
2.8807,1.5000,1.9603
2.8815,1.5000,1.9605
2.8822,1.5000,1.9608
2.8830,1.5000,1.9610
2.8838,1.5000,1.9613
2.8845,1.5000,1.9615
2.8853,1.5000,1.9618
2.8860,1.5000,1.9620
2.8868,1.5000,1.9623
2.8875,1.5000,1.9625
2.8882,1.5000,1.9628
2.8890,1.5000,1.9630
2.8897,1.5000,1.9633
2.8905,1.5000,1.9635
2.8913,1.5000,1.9638
2.8920,1.5000,1.9640
2.8927,1.5000,1.9643
2.8935,1.5000,1.9645
2.8942,1.5000,1.9648
2.8950,1.5000,1.9650
2.8957,1.5000,1.9653
2.8965,1.5000,1.9655
2.8972,1.5000,1.9658
2.8980,1.5000,1.9660
2.8988,1.5000,1.9663
2.8995,1.5000,1.9665
2.9002,1.5000,1.9668
2.9010,1.5000,1.9670
2.9017,1.5000,1.9673
2.9025,1.5000,1.9675
2.9032,1.5000,1.9678
2.9040,1.5000,1.9680
2.9047,1.5000,1.9683
2.9055,1.5000,1.9685
2.9062,1.5000,1.9688
2.9070,1.5000,1.9690
2.9078,1.5000,1.9693
2.9085,1.5000,1.9695
2.9092,1.5000,1.9698
2.9100,1.5000,1.9700
2.9108,1.5000,1.9703
2.9115,1.5000,1.9705
2.9123,1.5000,1.9708
2.9130,1.5000,1.9710
2.9137,1.5000,1.9713
2.9145,1.5000,1.9715
2.9152,1.5000,1.9718
2.9160,1.5000,1.9720
2.9167,1.5000,1.9723
2.9175,1.5000,1.9725
2.9183,1.5000,1.9728
2.9190,1.5000,1.9730
2.9198,1.5000,1.9733
2.9205,1.5000,1.9735
2.9212,1.5000,1.9738
2.9220,1.5000,1.9740
2.9227,1.5000,1.9743
2.9235,1.5000,1.9745
2.9242,1.5000,1.9748
2.9250,1.5000,1.9750
2.9257,1.5000,1.9753
2.9265,1.5000,1.9755
2.9272,1.5000,1.9758
2.9280,1.5000,1.9760
2.9287,1.5000,1.9763
2.9295,1.5000,1.9765
2.9303,1.5000,1.9768
2.9310,1.5000,1.9770
2.9318,1.5000,1.9773
2.9325,1.5000,1.9775
2.9333,1.5000,1.9778
2.9340,1.5000,1.9780
2.9348,1.5000,1.9783
2.9355,1.5000,1.9785
2.9362,1.5000,1.9788
2.9370,1.5000,1.9790
2.9377,1.5000,1.9793
2.9385,1.5000,1.9795
2.9392,1.5000,1.9798
2.9400,1.5000,1.9800
2.9407,1.5000,1.9803
2.9415,1.5000,1.9805
2.9423,1.5000,1.9808
2.9430,1.5000,1.9810
2.9437,1.5000,1.9813
2.9445,1.5000,1.9815
2.9452,1.5000,1.9818
2.9460,1.5000,1.9820
2.9467,1.5000,1.9823
2.9475,1.5000,1.9825
2.9482,1.5000,1.9828
2.9490,1.5000,1.9830
2.9497,1.5000,1.9833
2.9505,1.5000,1.9835
2.9512,1.5000,1.9838
2.9520,1.5000,1.9840
2.9527,1.5000,1.9843
2.9535,1.5000,1.9845
2.9543,1.5000,1.9848
2.9550,1.5000,1.9850
2.9558,1.5000,1.9853
2.9565,1.5000,1.9855
2.9572,1.5000,1.9858
2.9580,1.5000,1.9860
2.9588,1.5000,1.9863
2.9595,1.5000,1.9865
2.9603,1.5000,1.9868
2.9610,1.5000,1.9870
2.9617,1.5000,1.9873
2.9625,1.5000,1.9875
2.9632,1.5000,1.9878
2.9640,1.5000,1.9880
2.9647,1.5000,1.9883
2.9655,1.5000,1.9885
2.9663,1.5000,1.9888
2.9670,1.5000,1.9890
2.9678,1.5000,1.9893
2.9685,1.5000,1.9895
2.9692,1.5000,1.9898
2.9700,1.5000,1.9900
2.9707,1.5000,1.9903
2.9715,1.5000,1.9905
2.9722,1.5000,1.9908
2.9730,1.5000,1.9910
2.9737,1.5000,1.9913
2.9745,1.5000,1.9915
2.9752,1.5000,1.9918
2.9760,1.5000,1.9920
2.9768,1.5000,1.9923
2.9775,1.5000,1.9925
2.9783,1.5000,1.9928
2.9790,1.5000,1.9930
2.9798,1.5000,1.9933
2.9805,1.5000,1.9935
2.9813,1.5000,1.9938
2.9820,1.5000,1.9940
2.9828,1.5000,1.9943
2.9835,1.5000,1.9945
2.9842,1.5000,1.9948
2.9850,1.5000,1.9950
2.9857,1.5000,1.9953
2.9865,1.5000,1.9955
2.9872,1.5000,1.9958
2.9880,1.5000,1.9960
2.9888,1.5000,1.9963
2.9895,1.5000,1.9965
2.9903,1.5000,1.9968
2.9910,1.5000,1.9970
2.9917,1.5000,1.9973
2.9925,1.5000,1.9975
2.9932,1.5000,1.9978
2.9940,1.5000,1.9980
2.9947,1.5000,1.9983
2.9955,1.5000,1.9985
2.9962,1.5000,1.9988
2.9970,1.5000,1.9990
2.9977,1.5000,1.9993
2.9985,1.5000,1.9995
2.9992,1.5000,1.9998
3.0000,1.5000,2.0000
3.0008,1.5000,2.0003
3.0015,1.5000,2.0005
3.0023,1.5000,2.0008
3.0030,1.5000,2.0010
3.0038,1.5000,2.0013
3.0045,1.5000,2.0015
3.0052,1.5000,2.0018
3.0060,1.5000,2.0020
3.0068,1.5000,2.0023
3.0075,1.5000,2.0025
3.0082,1.5000,2.0028
3.0090,1.5000,2.0030
3.0097,1.5000,2.0033
3.0105,1.5000,2.0035
3.0112,1.5000,2.0038
3.0120,1.5000,2.0040
3.0127,1.5000,2.0043
3.0135,1.5000,2.0045
3.0143,1.5000,2.0048
3.0150,1.5000,2.0050
3.0157,1.5000,2.0053
3.0165,1.5000,2.0055
3.0172,1.5000,2.0058
3.0180,1.5000,2.0060
3.0187,1.5000,2.0063
3.0195,1.5000,2.0065
3.0202,1.5000,2.0068
3.0210,1.5000,2.0070
3.0217,1.5000,2.0073
3.0225,1.5000,2.0075
3.0232,1.5000,2.0078
3.0240,1.5000,2.0080
3.0248,1.5000,2.0083
3.0255,1.5000,2.0085
3.0263,1.5000,2.0088
3.0270,1.5000,2.0090
3.0278,1.5000,2.0093
3.0285,1.5000,2.0095
3.0293,1.5000,2.0098
3.0300,1.5000,2.0100
3.0308,1.5000,2.0103
3.0315,1.5000,2.0105
3.0322,1.5000,2.0108
3.0330,1.5000,2.0110
3.0337,1.5000,2.0113
3.0345,1.5000,2.0115
3.0353,1.5000,2.0118
3.0360,1.5000,2.0120
3.0367,1.5000,2.0123
3.0375,1.5000,2.0125
3.0383,1.5000,2.0128
3.0390,1.5000,2.0130
3.0397,1.5000,2.0133
3.0405,1.5000,2.0135
3.0412,1.5000,2.0138
3.0420,1.5000,2.0140
3.0427,1.5000,2.0143
3.0435,1.5000,2.0145
3.0442,1.5000,2.0148
3.0450,1.5000,2.0150
3.0457,1.5000,2.0152
3.0465,1.5000,2.0155
3.0473,1.5000,2.0158
3.0480,1.5000,2.0160
3.0488,1.5000,2.0163
3.0495,1.5000,2.0165
3.0503,1.5000,2.0168
3.0510,1.5000,2.0170
3.0518,1.5000,2.0173
3.0525,1.5000,2.0175
3.0532,1.5000,2.0178
3.0540,1.5000,2.0180
3.0548,1.5000,2.0183
3.0555,1.5000,2.0185
3.0562,1.5000,2.0188
3.0570,1.5000,2.0190
3.0577,1.5000,2.0193
3.0585,1.5000,2.0195
3.0593,1.5000,2.0198
3.0600,1.5000,2.0200
3.0607,1.5000,2.0203
3.0615,1.5000,2.0205
3.0623,1.5000,2.0208
3.0630,1.5000,2.0210
3.0637,1.5000,2.0213
3.0645,1.5000,2.0215
3.0652,1.5000,2.0218
3.0660,1.5000,2.0220
3.0667,1.5000,2.0223
3.0675,1.5000,2.0225
3.0682,1.5000,2.0228
3.0690,1.5000,2.0230
3.0697,1.5000,2.0232
3.0705,1.5000,2.0235
3.0713,1.5000,2.0238
3.0720,1.5000,2.0240
3.0728,1.5000,2.0243
3.0735,1.5000,2.0245
3.0743,1.5000,2.0248
3.0750,1.5000,2.0250
3.0758,1.5000,2.0253
3.0765,1.5000,2.0255
3.0772,1.5000,2.0258
3.0780,1.5000,2.0260
3.0788,1.5000,2.0263
3.0795,1.5000,2.0265
3.0802,1.5000,2.0268
3.0810,1.5000,2.0270
3.0817,1.5000,2.0273
3.0825,1.5000,2.0275
3.0833,1.5000,2.0278
3.0840,1.5000,2.0280
3.0847,1.5000,2.0283
3.0855,1.5000,2.0285
3.0862,1.5000,2.0288
3.0870,1.5000,2.0290
3.0877,1.5000,2.0293
3.0885,1.5000,2.0295
3.0892,1.5000,2.0298
3.0900,1.5000,2.0300
3.0907,1.5000,2.0303
3.0915,1.5000,2.0305
3.0922,1.5000,2.0308
3.0930,1.5000,2.0310
3.0938,1.5000,2.0312
3.0945,1.5000,2.0315
3.0953,1.5000,2.0318
3.0960,1.5000,2.0320
3.0968,1.5000,2.0323
3.0975,1.5000,2.0325
3.0983,1.5000,2.0328
3.0990,1.5000,2.0330
3.0998,1.5000,2.0333
3.1005,1.5000,2.0335
3.1012,1.5000,2.0338
3.1020,1.5000,2.0340
3.1028,1.5000,2.0343
3.1035,1.5000,2.0345
3.1042,1.5000,2.0348
3.1050,1.5000,2.0350
3.1057,1.5000,2.0353
3.1065,1.5000,2.0355
3.1072,1.5000,2.0358
3.1080,1.5000,2.0360
3.1087,1.5000,2.0363
3.1095,1.5000,2.0365
3.1103,1.5000,2.0368
3.1110,1.5000,2.0370
3.1117,1.5000,2.0373
3.1125,1.5000,2.0375
3.1132,1.5000,2.0378
3.1140,1.5000,2.0380
3.1147,1.5000,2.0383
3.1155,1.5000,2.0385
3.1162,1.5000,2.0388
3.1170,1.5000,2.0390
3.1178,1.5000,2.0393
3.1185,1.5000,2.0395
3.1193,1.5000,2.0398
3.1200,1.5000,2.0400
3.1208,1.5000,2.0403
3.1215,1.5000,2.0405
3.1223,1.5000,2.0408
3.1230,1.5000,2.0410
3.1238,1.5000,2.0413
3.1245,1.5000,2.0415
3.1252,1.5000,2.0418
3.1260,1.5000,2.0420
3.1268,1.5000,2.0423
3.1275,1.5000,2.0425
3.1282,1.5000,2.0428
3.1290,1.5000,2.0430
3.1297,1.5000,2.0433
3.1305,1.5000,2.0435
3.1313,1.5000,2.0438
3.1320,1.5000,2.0440
3.1327,1.5000,2.0443
3.1335,1.5000,2.0445
3.1342,1.5000,2.0448
3.1350,1.5000,2.0450
3.1357,1.5000,2.0453
3.1365,1.5000,2.0455
3.1372,1.5000,2.0458
3.1380,1.5000,2.0460
3.1387,1.5000,2.0463
3.1395,1.5000,2.0465
3.1402,1.5000,2.0468
3.1410,1.5000,2.0470
3.1418,1.5000,2.0473
3.1425,1.5000,2.0475
3.1433,1.5000,2.0478
3.1440,1.5000,2.0480
3.1448,1.5000,2.0483
3.1455,1.5000,2.0485
3.1463,1.5000,2.0488
3.1470,1.5000,2.0490
3.1478,1.5000,2.0493
3.1485,1.5000,2.0495
3.1492,1.5000,2.0498
3.1500,1.5000,2.0500
3.1507,1.5000,2.0503
3.1515,1.5000,2.0505
3.1522,1.5000,2.0508
3.1530,1.5000,2.0510
3.1537,1.5000,2.0513
3.1545,1.5000,2.0515
3.1552,1.5000,2.0518
3.1560,1.5000,2.0520
3.1567,1.5000,2.0523
3.1575,1.5000,2.0525
3.1582,1.5000,2.0528
3.1590,1.5000,2.0530
3.1597,1.5000,2.0533
3.1605,1.5000,2.0535
3.1612,1.5000,2.0538
3.1620,1.5000,2.0540
3.1627,1.5000,2.0543
3.1635,1.5000,2.0545
3.1643,1.5000,2.0548
3.1650,1.5000,2.0550
3.1658,1.5000,2.0553
3.1665,1.5000,2.0555
3.1673,1.5000,2.0558
3.1680,1.5000,2.0560
3.1688,1.5000,2.0563
3.1695,1.5000,2.0565
3.1703,1.5000,2.0568
3.1710,1.5000,2.0570
3.1717,1.5000,2.0573
3.1725,1.5000,2.0575
3.1732,1.5000,2.0578
3.1740,1.5000,2.0580
3.1748,1.5000,2.0583
3.1755,1.5000,2.0585
3.1762,1.5000,2.0588
3.1770,1.5000,2.0590
3.1777,1.5000,2.0593
3.1785,1.5000,2.0595
3.1792,1.5000,2.0598
3.1800,1.5000,2.0600
3.1807,1.5000,2.0603
3.1815,1.5000,2.0605
3.1822,1.5000,2.0608
3.1830,1.5000,2.0610
3.1837,1.5000,2.0613
3.1845,1.5000,2.0615
3.1852,1.5000,2.0618
3.1860,1.5000,2.0620
3.1867,1.5000,2.0623
3.1875,1.5000,2.0625
3.1883,1.5000,2.0628
3.1890,1.5000,2.0630
3.1898,1.5000,2.0633
3.1905,1.5000,2.0635
3.1913,1.5000,2.0638
3.1920,1.5000,2.0640
3.1928,1.5000,2.0643
3.1935,1.5000,2.0645
3.1943,1.5000,2.0648
3.1950,1.5000,2.0650
3.1958,1.5000,2.0653
3.1965,1.5000,2.0655
3.1972,1.5000,2.0658
3.1980,1.5000,2.0660
3.1987,1.5000,2.0663
3.1995,1.5000,2.0665
3.2003,1.5000,2.0668
3.2010,1.5000,2.0670
3.2017,1.5000,2.0673
3.2025,1.5000,2.0675
3.2032,1.5000,2.0678
3.2040,1.5000,2.0680
3.2047,1.5000,2.0683
3.2055,1.5000,2.0685
3.2062,1.5000,2.0688
3.2070,1.5000,2.0690
3.2077,1.5000,2.0693
3.2085,1.5000,2.0695
3.2092,1.5000,2.0698
3.2100,1.5000,2.0700
3.2107,1.5000,2.0703
3.2115,1.5000,2.0705
3.2123,1.5000,2.0708
3.2130,1.5000,2.0710
3.2138,1.5000,2.0713
3.2145,1.5000,2.0715
3.2153,1.5000,2.0718
3.2160,1.5000,2.0720
3.2168,1.5000,2.0723
3.2175,1.5000,2.0725
3.2183,1.5000,2.0728
3.2190,1.5000,2.0730
3.2197,1.5000,2.0733
3.2205,1.5000,2.0735
3.2212,1.5000,2.0738
3.2220,1.5000,2.0740
3.2228,1.5000,2.0743
3.2235,1.5000,2.0745
3.2242,1.5000,2.0748
3.2250,1.5000,2.0750
3.2257,1.5000,2.0753
3.2265,1.5000,2.0755
3.2272,1.5000,2.0758
3.2280,1.5000,2.0760
3.2287,1.5000,2.0763
3.2295,1.5000,2.0765
3.2302,1.5000,2.0768
3.2310,1.5000,2.0770
3.2317,1.5000,2.0773
3.2325,1.5000,2.0775
3.2332,1.5000,2.0777
3.2340,1.5000,2.0780
3.2348,1.5000,2.0783
3.2355,1.5000,2.0785
3.2363,1.5000,2.0788
3.2370,1.5000,2.0790
3.2378,1.5000,2.0793
3.2385,1.5000,2.0795
3.2393,1.5000,2.0798
3.2400,1.5000,2.0800
3.2408,1.5000,2.0803
3.2415,1.5000,2.0805
3.2423,1.5000,2.0808
3.2430,1.5000,2.0810
3.2438,1.5000,2.0813
3.2445,1.5000,2.0815
3.2452,1.5000,2.0818
3.2460,1.5000,2.0820
3.2468,1.5000,2.0823
3.2475,1.5000,2.0825
3.2483,1.5000,2.0828
3.2490,1.5000,2.0830
3.2497,1.5000,2.0833
3.2505,1.5000,2.0835
3.2512,1.5000,2.0838
3.2520,1.5000,2.0840
3.2527,1.5000,2.0843
3.2535,1.5000,2.0845
3.2542,1.5000,2.0848
3.2550,1.5000,2.0850
3.2557,1.5000,2.0853
3.2565,1.5000,2.0855
3.2572,1.5000,2.0857
3.2580,1.5000,2.0860
3.2588,1.5000,2.0863
3.2595,1.5000,2.0865
3.2603,1.5000,2.0868
3.2610,1.5000,2.0870
3.2617,1.5000,2.0873
3.2625,1.5000,2.0875
3.2633,1.5000,2.0878
3.2640,1.5000,2.0880
3.2647,1.5000,2.0883
3.2655,1.5000,2.0885
3.2663,1.5000,2.0888
3.2670,1.5000,2.0890
3.2678,1.5000,2.0893
3.2685,1.5000,2.0895
3.2692,1.5000,2.0898
3.2700,1.5000,2.0900
3.2708,1.5000,2.0903
3.2715,1.5000,2.0905
3.2722,1.5000,2.0908
3.2730,1.5000,2.0910
3.2737,1.5000,2.0913
3.2745,1.5000,2.0915
3.2753,1.5000,2.0918
3.2760,1.5000,2.0920
3.2767,1.5000,2.0923
3.2775,1.5000,2.0925
3.2782,1.5000,2.0928
3.2790,1.5000,2.0930
3.2797,1.5000,2.0933
3.2805,1.5000,2.0935
3.2812,1.5000,2.0938
3.2820,1.5000,2.0940
3.2828,1.5000,2.0943
3.2835,1.5000,2.0945
3.2843,1.5000,2.0948
3.2850,1.5000,2.0950
3.2858,1.5000,2.0953
3.2865,1.5000,2.0955
3.2872,1.5000,2.0958
3.2880,1.5000,2.0960
3.2887,1.5000,2.0963
3.2895,1.5000,2.0965
3.2903,1.5000,2.0968
3.2910,1.5000,2.0970
3.2917,1.5000,2.0973
3.2925,1.5000,2.0975
3.2932,1.5000,2.0978
3.2940,1.5000,2.0980
3.2947,1.5000,2.0983
3.2955,1.5000,2.0985
3.2962,1.5000,2.0988
3.2970,1.5000,2.0990
3.2977,1.5000,2.0993
3.2985,1.5000,2.0995
3.2992,1.5000,2.0998
3.3000,1.5000,2.1000
3.3007,1.5000,2.1003
3.3015,1.5000,2.1005
3.3022,1.5000,2.1008
3.3030,1.5000,2.1010
3.3037,1.5000,2.1013
3.3045,1.5000,2.1015
3.3053,1.5000,2.1018
3.3060,1.5000,2.1020
3.3068,1.5000,2.1023
3.3075,1.5000,2.1025
3.3083,1.5000,2.1028
3.3090,1.5000,2.1030
3.3098,1.5000,2.1033
3.3105,1.5000,2.1035
3.3113,1.5000,2.1038
3.3120,1.5000,2.1040
3.3127,1.5000,2.1043
3.3135,1.5000,2.1045
3.3142,1.5000,2.1048
3.3150,1.5000,2.1050
3.3157,1.5000,2.1053
3.3165,1.5000,2.1055
3.3173,1.5000,2.1058
3.3180,1.5000,2.1060
3.3188,1.5000,2.1063
3.3195,1.5000,2.1065
3.3202,1.5000,2.1068
3.3210,1.5000,2.1070
3.3217,1.5000,2.1073
3.3225,1.5000,2.1075
3.3232,1.5000,2.1078
3.3240,1.5000,2.1080
3.3247,1.5000,2.1083
3.3255,1.5000,2.1085
3.3262,1.5000,2.1088
3.3270,1.5000,2.1090
3.3277,1.5000,2.1093
3.3285,1.5000,2.1095
3.3293,1.5000,2.1098
3.3300,1.5000,2.1100
3.3308,1.5000,2.1103
3.3315,1.5000,2.1105
3.3323,1.5000,2.1108
3.3330,1.5000,2.1110
3.3337,1.5000,2.1113
3.3345,1.5000,2.1115
3.3353,1.5000,2.1118
3.3360,1.5000,2.1120
3.3368,1.5000,2.1123
3.3375,1.5000,2.1125
3.3383,1.5000,2.1128
3.3390,1.5000,2.1130
3.3397,1.5000,2.1133
3.3405,1.5000,2.1135
3.3412,1.5000,2.1138
3.3420,1.5000,2.1140
3.3428,1.5000,2.1143
3.3435,1.5000,2.1145
3.3443,1.5000,2.1148
3.3450,1.5000,2.1150
3.3457,1.5000,2.1153
3.3465,1.5000,2.1155
3.3472,1.5000,2.1158
3.3480,1.5000,2.1160
3.3487,1.5000,2.1163
3.3495,1.5000,2.1165
3.3502,1.5000,2.1168
3.3510,1.5000,2.1170
3.3518,1.5000,2.1173
3.3525,1.5000,2.1175
3.3533,1.5000,2.1178
3.3540,1.5000,2.1180
3.3548,1.5000,2.1183
3.3555,1.5000,2.1185
3.3562,1.5000,2.1188
3.3570,1.5000,2.1190
3.3577,1.5000,2.1193
3.3585,1.5000,2.1195
3.3592,1.5000,2.1198
3.3600,1.5000,2.1200
3.3607,1.5000,2.1203
3.3615,1.5000,2.1205
3.3623,1.5000,2.1208
3.3630,1.5000,2.1210
3.3637,1.5000,2.1213
3.3645,1.5000,2.1215
3.3652,1.5000,2.1218
3.3660,1.5000,2.1220
3.3667,1.5000,2.1223
3.3675,1.5000,2.1225
3.3682,1.5000,2.1228
3.3690,1.5000,2.1230
3.3697,1.5000,2.1233
3.3705,1.5000,2.1235
3.3712,1.5000,2.1238
3.3720,1.5000,2.1240
3.3727,1.5000,2.1243
3.3735,1.5000,2.1245
3.3742,1.5000,2.1248
3.3750,1.5000,2.1250
3.3758,1.5000,2.1253
3.3765,1.5000,2.1255
3.3773,1.5000,2.1258
3.3780,1.5000,2.1260
3.3788,1.5000,2.1263
3.3795,1.5000,2.1265
3.3803,1.5000,2.1268
3.3810,1.5000,2.1270
3.3817,1.5000,2.1273
3.3825,1.5000,2.1275
3.3832,1.5000,2.1278
3.3840,1.5000,2.1280
3.3847,1.5000,2.1283
3.3855,1.5000,2.1285
3.3862,1.5000,2.1288
3.3870,1.5000,2.1290
3.3878,1.5000,2.1293
3.3885,1.5000,2.1295
3.3892,1.5000,2.1298
3.3900,1.5000,2.1300
3.3907,1.5000,2.1303
3.3915,1.5000,2.1305
3.3922,1.5000,2.1308
3.3930,1.5000,2.1310
3.3937,1.5000,2.1313
3.3945,1.5000,2.1315
3.3952,1.5000,2.1318
3.3960,1.5000,2.1320
3.3967,1.5000,2.1323
3.3975,1.5000,2.1325
3.3982,1.5000,2.1328
3.3990,1.5000,2.1330
3.3998,1.5000,2.1333
3.4005,1.5000,2.1335
3.4013,1.5000,2.1338
3.4020,1.5000,2.1340
3.4028,1.5000,2.1343
3.4035,1.5000,2.1345
3.4043,1.5000,2.1348
3.4050,1.5000,2.1350
3.4057,1.5000,2.1353
3.4065,1.5000,2.1355
3.4073,1.5000,2.1358
3.4080,1.5000,2.1360
3.4087,1.5000,2.1363
3.4095,1.5000,2.1365
3.4103,1.5000,2.1368
3.4110,1.5000,2.1370
3.4118,1.5000,2.1373
3.4125,1.5000,2.1375
3.4132,1.5000,2.1378
3.4140,1.5000,2.1380
3.4148,1.5000,2.1383
3.4155,1.5000,2.1385
3.4162,1.5000,2.1388
3.4170,1.5000,2.1390
3.4177,1.5000,2.1393
3.4185,1.5000,2.1395
3.4192,1.5000,2.1398
3.4200,1.5000,2.1400
3.4207,1.5000,2.1403
3.4215,1.5000,2.1405
3.4223,1.5000,2.1408
3.4230,1.5000,2.1410
3.4238,1.5000,2.1413
3.4245,1.5000,2.1415
3.4252,1.5000,2.1418
3.4260,1.5000,2.1420
3.4268,1.5000,2.1423
3.4275,1.5000,2.1425
3.4282,1.5000,2.1428
3.4290,1.5000,2.1430
3.4297,1.5000,2.1433
3.4305,1.5000,2.1435
3.4313,1.5000,2.1438
3.4320,1.5000,2.1440
3.4327,1.5000,2.1443
3.4335,1.5000,2.1445
3.4343,1.5000,2.1448
3.4350,1.5000,2.1450
3.4357,1.5000,2.1453
3.4365,1.5000,2.1455
3.4372,1.5000,2.1458
3.4380,1.5000,2.1460
3.4388,1.5000,2.1463
3.4395,1.5000,2.1465
3.4402,1.5000,2.1468
3.4410,1.5000,2.1470
3.4417,1.5000,2.1473
3.4425,1.5000,2.1475
3.4432,1.5000,2.1478
3.4440,1.5000,2.1480
3.4447,1.5000,2.1483
3.4455,1.5000,2.1485
3.4463,1.5000,2.1488
3.4470,1.5000,2.1490
3.4478,1.5000,2.1493
3.4485,1.5000,2.1495
3.4493,1.5000,2.1498
3.4500,1.5000,2.1500
3.4507,1.5000,2.1503
3.4515,1.5000,2.1505
3.4522,1.5000,2.1508
3.4530,1.5000,2.1510
3.4537,1.5000,2.1513
3.4545,1.5000,2.1515
3.4552,1.5000,2.1518
3.4560,1.5000,2.1520
3.4567,1.5000,2.1523
3.4575,1.5000,2.1525
3.4582,1.5000,2.1528
3.4590,1.5000,2.1530
3.4597,1.5000,2.1533
3.4605,1.5000,2.1535
3.4612,1.5000,2.1538
3.4620,1.5000,2.1540
3.4627,1.5000,2.1543
3.4635,1.5000,2.1545
3.4642,1.5000,2.1548
3.4650,1.5000,2.1550
3.4657,1.5000,2.1553
3.4665,1.5000,2.1555
3.4672,1.5000,2.1558
3.4680,1.5000,2.1560
3.4688,1.5000,2.1563
3.4695,1.5000,2.1565
3.4703,1.5000,2.1568
3.4710,1.5000,2.1570
3.4718,1.5000,2.1573
3.4725,1.5000,2.1575
3.4733,1.5000,2.1578
3.4740,1.5000,2.1580
3.4748,1.5000,2.1583
3.4755,1.5000,2.1585
3.4763,1.5000,2.1588
3.4770,1.5000,2.1590
3.4777,1.5000,2.1593
3.4785,1.5000,2.1595
3.4792,1.5000,2.1598
3.4800,1.5000,2.1600
3.4808,1.5000,2.1603
3.4815,1.5000,2.1605
3.4823,1.5000,2.1608
3.4830,1.5000,2.1610
3.4837,1.5000,2.1613
3.4845,1.5000,2.1615
3.4852,1.5000,2.1618
3.4860,1.5000,2.1620
3.4867,1.5000,2.1623
3.4875,1.5000,2.1625
3.4882,1.5000,2.1628
3.4890,1.5000,2.1630
3.4897,1.5000,2.1633
3.4905,1.5000,2.1635
3.4912,1.5000,2.1638
3.4920,1.5000,2.1640
3.4928,1.5000,2.1643
3.4935,1.5000,2.1645
3.4943,1.5000,2.1648
3.4950,1.5000,2.1650
3.4958,1.5000,2.1653
3.4965,1.5000,2.1655
3.4972,1.5000,2.1658
3.4980,1.5000,2.1660
3.4988,1.5000,2.1663
3.4995,1.5000,2.1665
3.5003,1.5000,2.1668
3.5010,1.5000,2.1670
3.5017,1.5000,2.1673
3.5025,1.5000,2.1675
3.5032,1.5000,2.1678
3.5040,1.5000,2.1680
3.5047,1.5000,2.1683
3.5055,1.5000,2.1685
3.5063,1.5000,2.1688
3.5070,1.5000,2.1690
3.5078,1.5000,2.1693
3.5085,1.5000,2.1695
3.5092,1.5000,2.1698
3.5100,1.5000,2.1700
3.5108,1.5000,2.1703
3.5115,1.5000,2.1705
3.5122,1.5000,2.1708
3.5130,1.5000,2.1710
3.5137,1.5000,2.1713
3.5145,1.5000,2.1715
3.5152,1.5000,2.1718
3.5160,1.5000,2.1720
3.5167,1.5000,2.1723
3.5175,1.5000,2.1725
3.5183,1.5000,2.1728
3.5190,1.5000,2.1730
3.5197,1.5000,2.1733
3.5205,1.5000,2.1735
3.5212,1.5000,2.1738
3.5220,1.5000,2.1740
3.5228,1.5000,2.1743
3.5235,1.5000,2.1745
3.5242,1.5000,2.1748
3.5250,1.5000,2.1750
3.5257,1.5000,2.1753
3.5265,1.5000,2.1755
3.5272,1.5000,2.1758
3.5280,1.5000,2.1760
3.5288,1.5000,2.1763
3.5295,1.5000,2.1765
3.5303,1.5000,2.1768
3.5310,1.5000,2.1770
3.5317,1.5000,2.1773
3.5325,1.5000,2.1775
3.5332,1.5000,2.1778
3.5340,1.5000,2.1780
3.5347,1.5000,2.1783
3.5355,1.5000,2.1785
3.5362,1.5000,2.1788
3.5370,1.5000,2.1790
3.5377,1.5000,2.1793
3.5385,1.5000,2.1795
3.5393,1.5000,2.1798
3.5400,1.5000,2.1800
3.5408,1.5000,2.1803
3.5415,1.5000,2.1805
3.5423,1.5000,2.1808
3.5430,1.5000,2.1810
3.5437,1.5000,2.1813
3.5445,1.5000,2.1815
3.5452,1.5000,2.1818
3.5460,1.5000,2.1820
3.5467,1.5000,2.1823
3.5475,1.5000,2.1825
3.5482,1.5000,2.1828
3.5490,1.5000,2.1830
3.5497,1.5000,2.1833
3.5505,1.5000,2.1835
3.5513,1.5000,2.1838
3.5520,1.5000,2.1840
3.5528,1.5000,2.1843
3.5535,1.5000,2.1845
3.5543,1.5000,2.1848
3.5550,1.5000,2.1850
3.5558,1.5000,2.1853
3.5565,1.5000,2.1855
3.5572,1.5000,2.1858
3.5580,1.5000,2.1860
3.5587,1.5000,2.1863
3.5595,1.5000,2.1865
3.5602,1.5000,2.1868
3.5610,1.5000,2.1870
3.5617,1.5000,2.1873
3.5625,1.5000,2.1875
3.5633,1.5000,2.1878
3.5640,1.5000,2.1880
3.5648,1.5000,2.1883
3.5655,1.5000,2.1885
3.5663,1.5000,2.1888
3.5670,1.5000,2.1890
3.5678,1.5000,2.1893
3.5685,1.5000,2.1895
3.5692,1.5000,2.1898
3.5700,1.5000,2.1900
3.5707,1.5000,2.1903
3.5715,1.5000,2.1905
3.5722,1.5000,2.1908
3.5730,1.5000,2.1910
3.5737,1.5000,2.1913
3.5745,1.5000,2.1915
3.5753,1.5000,2.1918
3.5760,1.5000,2.1920
3.5768,1.5000,2.1923
3.5775,1.5000,2.1925
3.5783,1.5000,2.1928
3.5790,1.5000,2.1930
3.5798,1.5000,2.1933
3.5805,1.5000,2.1935
3.5812,1.5000,2.1938
3.5820,1.5000,2.1940
3.5827,1.5000,2.1943
3.5835,1.5000,2.1945
3.5842,1.5000,2.1948
3.5850,1.5000,2.1950
3.5857,1.5000,2.1953
3.5865,1.5000,2.1955
3.5873,1.5000,2.1958
3.5880,1.5000,2.1960
3.5887,1.5000,2.1963
3.5895,1.5000,2.1965
3.5903,1.5000,2.1968
3.5910,1.5000,2.1970
3.5918,1.5000,2.1973
3.5925,1.5000,2.1975
3.5932,1.5000,2.1978
3.5940,1.5000,2.1980
3.5948,1.5000,2.1983
3.5955,1.5000,2.1985
3.5962,1.5000,2.1988
3.5970,1.5000,2.1990
3.5978,1.5000,2.1993
3.5985,1.5000,2.1995
3.5993,1.5000,2.1998
3.6000,1.5000,2.2000
3.6007,1.5000,2.2003
3.6015,1.5000,2.2005
3.6023,1.5000,2.2008
3.6030,1.5000,2.2010
3.6037,1.5000,2.2013
3.6045,1.5000,2.2015
3.6052,1.5000,2.2018
3.6060,1.5000,2.2020
3.6067,1.5000,2.2023
3.6075,1.5000,2.2025
3.6082,1.5000,2.2027
3.6090,1.5000,2.2030
3.6098,1.5000,2.2033
3.6105,1.5000,2.2035
3.6112,1.5000,2.2038
3.6120,1.5000,2.2040
3.6127,1.5000,2.2043
3.6135,1.5000,2.2045
3.6142,1.5000,2.2048
3.6150,1.5000,2.2050
3.6157,1.5000,2.2053
3.6165,1.5000,2.2055
3.6172,1.5000,2.2058
3.6180,1.5000,2.2060
3.6187,1.5000,2.2063
3.6195,1.5000,2.2065
3.6202,1.5000,2.2068
3.6210,1.5000,2.2070
3.6218,1.5000,2.2073
3.6225,1.5000,2.2075
3.6233,1.5000,2.2078
3.6240,1.5000,2.2080
3.6247,1.5000,2.2083
3.6255,1.5000,2.2085
3.6262,1.5000,2.2088
3.6270,1.5000,2.2090
3.6277,1.5000,2.2093
3.6285,1.5000,2.2095
3.6292,1.5000,2.2098
3.6300,1.5000,2.2100
3.6307,1.5000,2.2103
3.6315,1.5000,2.2105
3.6322,1.5000,2.2107
3.6330,1.5000,2.2110
3.6338,1.5000,2.2113
3.6345,1.5000,2.2115
3.6353,1.5000,2.2118
3.6360,1.5000,2.2120
3.6368,1.5000,2.2123
3.6375,1.5000,2.2125
3.6382,1.5000,2.2128
3.6390,1.5000,2.2130
3.6397,1.5000,2.2133
3.6405,1.5000,2.2135
3.6412,1.5000,2.2138
3.6420,1.5000,2.2140
3.6427,1.5000,2.2143
3.6435,1.5000,2.2145
3.6442,1.5000,2.2148
3.6450,1.5000,2.2150
3.6457,1.5000,2.2153
3.6465,1.5000,2.2155
3.6473,1.5000,2.2158
3.6480,1.5000,2.2160
3.6488,1.5000,2.2163
3.6495,1.5000,2.2165
3.6503,1.5000,2.2168
3.6510,1.5000,2.2170
3.6517,1.5000,2.2173
3.6525,1.5000,2.2175
3.6532,1.5000,2.2178
3.6540,1.5000,2.2180
3.6547,1.5000,2.2183
3.6555,1.5000,2.2185
3.6562,1.5000,2.2188
3.6570,1.5000,2.2190
3.6577,1.5000,2.2193
3.6585,1.5000,2.2195
3.6593,1.5000,2.2198
3.6600,1.5000,2.2200
3.6607,1.5000,2.2203
3.6615,1.5000,2.2205
3.6623,1.5000,2.2208
3.6630,1.5000,2.2210
3.6638,1.5000,2.2213
3.6645,1.5000,2.2215
3.6652,1.5000,2.2218
3.6660,1.5000,2.2220
3.6667,1.5000,2.2223
3.6675,1.5000,2.2225
3.6682,1.5000,2.2228
3.6690,1.5000,2.2230
3.6697,1.5000,2.2233
3.6705,1.5000,2.2235
3.6713,1.5000,2.2238
3.6720,1.5000,2.2240
3.6727,1.5000,2.2243
3.6735,1.5000,2.2245
3.6743,1.5000,2.2248
3.6750,1.5000,2.2250
3.6757,1.5000,2.2253
3.6765,1.5000,2.2255
3.6772,1.5000,2.2258
3.6780,1.5000,2.2260
3.6787,1.5000,2.2263
3.6795,1.5000,2.2265
3.6802,1.5000,2.2268
3.6810,1.5000,2.2270
3.6817,1.5000,2.2273
3.6825,1.5000,2.2275
3.6832,1.5000,2.2278
3.6840,1.5000,2.2280
3.6847,1.5000,2.2283
3.6855,1.5000,2.2285
3.6863,1.5000,2.2288
3.6870,1.5000,2.2290
3.6877,1.5000,2.2293
3.6885,1.5000,2.2295
3.6892,1.5000,2.2298
3.6900,1.5000,2.2300
3.6907,1.5000,2.2303
3.6915,1.5000,2.2305
3.6923,1.5000,2.2308
3.6930,1.5000,2.2310
3.6937,1.5000,2.2313
3.6945,1.5000,2.2315
3.6952,1.5000,2.2318
3.6960,1.5000,2.2320
3.6967,1.5000,2.2323
3.6975,1.5000,2.2325
3.6982,1.5000,2.2328
3.6990,1.5000,2.2330
3.6997,1.5000,2.2333
3.7005,1.5000,2.2335
3.7012,1.5000,2.2338
3.7020,1.5000,2.2340
3.7027,1.5000,2.2343
3.7035,1.5000,2.2345
3.7043,1.5000,2.2348
3.7050,1.5000,2.2350
3.7058,1.5000,2.2353
3.7065,1.5000,2.2355
3.7072,1.5000,2.2358
3.7080,1.5000,2.2360
3.7087,1.5000,2.2363
3.7095,1.5000,2.2365
3.7102,1.5000,2.2368
3.7110,1.5000,2.2370
3.7117,1.5000,2.2373
3.7125,1.5000,2.2375
3.7132,1.5000,2.2378
3.7140,1.5000,2.2380
3.7147,1.5000,2.2383
3.7155,1.5000,2.2385
3.7163,1.5000,2.2388
3.7170,1.5000,2.2390
3.7178,1.5000,2.2393
3.7185,1.5000,2.2395
3.7193,1.5000,2.2398
3.7200,1.5000,2.2400
3.7207,1.5000,2.2403
3.7215,1.5000,2.2405
3.7222,1.5000,2.2408
3.7230,1.5000,2.2410
3.7237,1.5000,2.2413
3.7245,1.5000,2.2415
3.7252,1.5000,2.2418
3.7260,1.5000,2.2420
3.7268,1.5000,2.2423
3.7275,1.5000,2.2425
3.7283,1.5000,2.2428
3.7290,1.5000,2.2430
3.7297,1.5000,2.2433
3.7305,1.5000,2.2435
3.7313,1.5000,2.2438
3.7320,1.5000,2.2440
3.7328,1.5000,2.2443
3.7335,1.5000,2.2445
3.7342,1.5000,2.2448
3.7350,1.5000,2.2450
3.7357,1.5000,2.2453
3.7365,1.5000,2.2455
3.7372,1.5000,2.2458
3.7380,1.5000,2.2460
3.7388,1.5000,2.2463
3.7395,1.5000,2.2465
3.7403,1.5000,2.2468
3.7410,1.5000,2.2470
3.7417,1.5000,2.2473
3.7425,1.5000,2.2475
3.7433,1.5000,2.2478
3.7440,1.5000,2.2480
3.7447,1.5000,2.2483
3.7455,1.5000,2.2485
3.7463,1.5000,2.2488
3.7470,1.5000,2.2490
3.7477,1.5000,2.2493
3.7485,1.5000,2.2495
3.7492,1.5000,2.2498
